x1,x2,y
-0.35412872143199725,4.276187594096304,0.0
1.4102328418761418,4.570927529086904,0.0
4.434205455441138,3.852325387295809,0.0
3.1119758302496674,4.166432763752303,0.0
-3.245464047636971,1.4327402742176771,0.0
3.2993557469583505,2.1383825142873545,0.0
-3.1429132212243767,4.665968234023828,0.0
-3.1996586113858934,3.7493590129881804,0.0
4.390337125701951,-1.4527761546832536,0.0
-6.246074296574062,1.5084418353372224,0.0
-3.290468366708113,2.9900484692346865,0.0
-3.295299599354927,1.9666734595970867,0.0
-2.9051956862523487,-0.7530043137657857,0.0
3.293351365187313,-0.369584638327864,0.0
-2.1845586556798624,-1.0524758167495867,0.0
-3.4054535161377677,-1.337037178267963,0.0
-3.250904883202805,-3.416191927723772,0.0
-3.1683371201566475,1.2555702760095084,0.0
-4.291816079976359,-0.8680253757736102,0.0
-0.8429595864300266,-4.399388476362559,0.0
-5.668421198561173,2.8042189464507934,0.0
3.076820521556981,-3.6869856642714334,0.0
-0.6961984015207808,4.806791572166048,0.0
-2.7012665631218904,-3.8455861138815925,0.0
-3.741196002540567,3.3023670187825993,0.0
-3.7992118351625503,-1.2001930044052966,0.0
5.018120655661631,0.9540073812989849,0.0
3.2909415952546173,2.770030255495118,0.0
4.4282052270752565,2.679250505636403,0.0
4.188654791275295,0.8876748418032818,0.0
1.0787419083630017,3.2925538896148017,0.0
4.179057138493366,3.820537790911798,0.0
3.4181497648872767,-3.4223899050747306,0.0
2.48320385028573,-1.8500412788525828,0.0
5.146628362249437,-1.9196850240043868,0.0
-2.6185998598305296,-3.8925375314414357,0.0
7.170332775153871,1.943376445291346,0.0
2.6127645917368802,1.968330482438294,0.0
5.278520277547035,-0.42365358307445744,0.0
-5.1066799970994134,-3.1569031770269365,0.0
5.1657507709890735,-1.5552921817205378,0.0
1.773038432778527,5.362367687314555,0.0
-6.151865038348555,1.389235427067162,0.0
-4.737639970149289,-0.06731418734160133,0.0
1.168583591844911,3.9963995738955753,0.0
-4.508236149481966,-2.7123498816808813,0.0
-3.933264916622614,-2.101392593084898,0.0
-3.807513560527639,-2.423346088945359,0.0
-0.8910870853894324,-5.659115255542507,0.0
4.0097852767450695,3.731335884288499,0.0
1.4041861279706966,3.8828513522413934,0.0
3.7123770948010604,-3.3777667602666184,0.0
4.872621922693843,2.1699622437001787,0.0
4.623365008563572,-2.6411059115922897,0.0
-5.294236228152839,-0.0226512654585604,0.0
-4.706434183157118,1.3897260998719372,0.0
-2.404679630927459,4.149074310277621,0.0
-2.11170704649966,5.177894013152502,0.0
3.1752923815069183,4.727365208892516,0.0
-3.606069957839782,-1.9957294884085572,0.0
-5.13856480549391,5.325710946850037,0.0
0.10087336139727507,-3.8831047597110566,0.0
3.818306520006833,-1.2207891525011643,0.0
-5.14571314166802,-2.0114716632244902,0.0
-3.5362140817428784,2.9198724591736624,0.0
3.5095733896771044,-3.257622279804896,0.0
-1.9149931912981477,4.200797535029728,0.0
3.3976992824519314,1.370128987951972,0.0
1.6276594982627433,-4.204430796278187,0.0
-0.5346505498565715,4.764280616354569,0.0
-3.0268716401490354,-4.3639194638268135,0.0
-3.307689954664449,-2.9694605742669604,0.0
3.842227168019933,-1.9772426356030783,0.0
3.7740967581693656,-2.5130256595618605,0.0
-4.021263516795519,2.827850151432362,0.0
4.75684927724346,3.9517202658490835,0.0
-4.726484401720822,-0.6826738716333611,0.0
-4.480977344080619,0.0014213198268021117,0.0
-4.421115801414001,-4.267436526961018,0.0
3.5192189991434963,1.6650673134713703,0.0
3.018559472902196,5.8711561645100785,0.0
4.965309627365587,3.918482405241136,0.0
-4.4613669757872705,-2.3476376967976367,0.0
-3.9517484021241973,3.7602532098704655,0.0
-0.3912534757901682,6.213957757835721,0.0
-1.8084010429959845,-4.8783075757801075,0.0
6.048786267925015,-1.1199925101440407,0.0
-2.0170663845963204,-2.79032527848475,0.0
-3.120512524302782,3.508111230898002,0.0
-4.08342722909004,3.661217703977815,0.0
3.4191293359021087,4.934996979151575,0.0
5.811150102223155,2.0203216322943924,0.0
-3.730885243659671,2.920492548140108,0.0
0.6189788612266501,5.963526900292366,0.0
0.9052800783917925,-5.146587766118854,0.0
-1.0606438884794767,-6.587844816807597,0.0
2.8332745142984233,-1.0121677272647105,0.0
-2.7121167661053622,-2.938809558083812,0.0
-0.19630875494989708,-5.0956549136685805,0.0
-3.1155452826645074,5.886711285970396,0.0
4.888000815060662,-1.7930345322766956,0.0
-1.243976434478484,-3.901675605155764,0.0
-3.7151403772623515,-5.367421150425925,0.0
-2.6279717913383096,-4.978054381815959,0.0
4.04864015063292,3.2048126032862476,0.0
3.9562996805823847,-4.2898757684678825,0.0
-0.11283339381852234,5.284436993100375,0.0
-3.5769820212019856,4.978195940606132,0.0
-3.7303256060398646,-4.093348764328011,0.0
-5.581561551179243,1.9837793142594877,0.0
3.0591109066480873,-4.476259702271027,0.0
-1.3785144817800636,-3.8901850106000553,0.0
-2.8417490010306636,5.138402787340537,0.0
0.1277512238763008,-6.07027460568788,0.0
-4.1340952343234925,1.2208424786494665,0.0
-0.18149407276488222,6.326044683255908,0.0
1.7786002310399651,5.461696367285253,0.0
4.004050024591477,4.501302948249615,0.0
3.908752357400119,-2.111777340950493,0.0
-1.2843543027519524,3.9727986442799654,0.0
3.306263363904041,-1.9350315683776014,0.0
2.578269532778146,3.41457784111556,0.0
-4.569803680598058,1.270164576567424,0.0
5.186843297517023,-0.6838566556299261,0.0
-6.35492539693386,3.023808199361797,0.0
-3.831149356994436,1.7699647960153386,0.0
2.2183882925962553,-3.88054456826531,0.0
4.459876995150594,-1.205544108202834,0.0
5.61755784953531,-1.5372119580849786,0.0
-5.450698375391859,-2.4156529263273585,0.0
3.87125582850737,-4.109484982166759,0.0
2.084591067747874,-3.26284787553715,0.0
-4.869410036112987,3.9059438019144874,0.0
2.3152922970778143,1.2596342955727566,0.0
3.9012248542441816,4.856461782074159,0.0
-1.6746070151841455,5.8899818325531275,0.0
2.098391825525959,5.8042176162383035,0.0
-1.6236836049129046,4.940853749838395,0.0
-3.598916816154146,-2.0380800519975772,0.0
0.5218923650276314,4.133770430810061,0.0
-4.87956460392839,-0.18668480951712801,0.0
0.6678564942516243,4.090780580594962,0.0
4.274743126443633,5.591910038477698,0.0
1.9468838821560899,-5.986212519620762,0.0
5.366116561411319,1.8213296455083543,0.0
-1.553447798303524,6.552993244394772,0.0
5.4945225830233575,-0.7039493408454595,0.0
2.8349649734584608,3.4205608451875786,0.0
-4.87741496024113,3.0822302246444,0.0
-2.32318960021315,-4.821386143895364,0.0
-1.7851845724700839,-3.0694971338342727,0.0
-4.183553903644509,-2.143862501916207,0.0
-3.4290357322871694,2.7023866473315707,0.0
-3.6633113915373245,4.060613154643798,0.0
2.2011749198648034,4.309374980041981,0.0
2.490069978666158,3.8381265680948022,0.0
-4.462125356344806,-1.6312444730934368,0.0
-2.941166851770557,3.189515719045342,0.0
3.2859175126986746,-2.0579112471091268,0.0
-5.4209170900221455,-0.5295523225661715,0.0
-5.105591242439693,3.377143692025695,0.0
-4.945567905542401,-1.5065759296257175,0.0
0.666853762538174,5.267866707624938,0.0
-3.909107785496693,-3.1594539205215932,0.0
2.409883446727038,5.5166842468264505,0.0
-4.452225598995905,-0.37529294794664714,0.0
4.418643523789366,-5.504212003637995,0.0
-0.40060905625341914,3.2848092579211254,0.0
-2.425739417079715,4.989039362357931,0.0
2.890417824355082,-1.8691521077899929,0.0
0.3586587232676533,-4.410509006519182,0.0
2.1577666054398463,2.471960965060971,0.0
-3.2400994668161283,-3.7204004818921046,0.0
2.159191466115891,3.9773509805105283,0.0
-3.322672212202683,3.222786096651358,0.0
1.5223846933469503,-4.607291764409735,0.0
-6.134257107146636,3.1569289622245043,0.0
-0.6385491051427009,-5.627222787887055,0.0
-3.6885188904802537,4.464220886092947,0.0
-3.614308215486296,-1.0292769717727248,0.0
-4.075112449733311,2.7962054842757977,0.0
-5.320255302571834,-0.9970645778078759,0.0
-2.7865232630608414,-5.213178995854828,0.0
-3.160943004216972,5.65478769597898,0.0
-2.427945750126398,5.379221385837817,0.0
-0.5214129031998405,4.880966975889389,0.0
1.8548366720550538,-4.647870406416281,0.0
-4.593818866182599,1.7294151379779974,0.0
3.995753313805476,-1.6729483636581333,0.0
-3.297350568854925,-2.6481324825691654,0.0
-4.802337274428712,0.968226701966797,0.0
-0.15714130835453796,-6.995100056865659,0.0
5.15966328607482,1.0104691802059695,0.0
5.177412461717949,1.6998627617282918,0.0
4.3111493206013005,3.6652498441840127,0.0
0.05402634430743838,-5.063098788127917,0.0
1.4620741395622416,-4.11478367703636,0.0
0.2830430261580806,5.969394903496044,0.0
-3.488270998923972,2.875108333729247,0.0
-0.08284423524687809,4.521272836210654,0.0
3.5608133713641132,3.998144446640176,0.0
-3.957039815095717,-1.3913922390761504,0.0
-0.016211831286632783,-3.691812890819213,0.0
-5.178655743486408,-2.3018792201557847,0.0
5.387153618541831,-0.6175739776629129,0.0
-1.3754432225479991,-4.190551172945976,0.0
0.09901900809945358,2.649809982668528,0.0
-2.3760128942057444,4.040345514782003,0.0
-3.335645665646558,1.8653017349472665,0.0
0.3518437213838189,3.1770805207199753,0.0
3.7766296219666144,2.671026788982109,0.0
1.9537604924791643,-3.5399757252868445,0.0
6.511568075433059,-0.6350811532129932,0.0
-0.8461697734316863,-6.248341443881574,0.0
4.337616041932856,-2.554963761186991,0.0
5.238921114586717,-4.848145892787939,0.0
4.146428036384352,1.8940815912593407,0.0
-0.9982622012983944,-2.4215621242516714,0.0
-0.6189052064599748,3.0909224971296667,0.0
0.4760828406236956,5.007302285688411,0.0
-4.082741135568495,-2.5883517608181634,0.0
1.4998526936236753,-4.5767689441371635,0.0
2.72933011331437,-3.3473125164679933,0.0
3.4444386482805696,-4.052721756832023,0.0
2.6902021864140195,4.484212711786865,0.0
-3.1044109330769993,2.0124849313316133,0.0
4.1915603049785375,3.2864792887565084,0.0
1.94705238486408,-3.923632468196965,0.0
1.2263758919646122,3.23950090755558,0.0
-1.9796856636144395,4.5667328030234655,0.0
-0.31620206292730885,5.143268077156016,0.0
-1.608286902104437,3.527765994792009,0.0
-1.632194451992499,-5.985535358322649,0.0
3.8517327219646402,2.8735369829187176,0.0
4.737250005011924,2.4797761526352278,0.0
4.335966584271321,3.4556328077000504,0.0
-3.6154242889154036,1.9758176409818746,0.0
0.0540164381135792,4.647357983283246,0.0
5.461740352015454,0.8063366625657947,0.0
5.146123075087583,2.8790209570569516,0.0
3.866026361715284,-4.983873195299542,0.0
-1.6024320034388293,6.240124150621977,0.0
-1.470827999207847,5.041103697527546,0.0
-1.3074610029845117,-2.5771189639341374,0.0
-1.9394935001148526,-4.39017726584317,0.0
2.2286894677222837,-6.034766857609905,0.0
-3.5175096115863678,-3.403759299425312,0.0
-4.667940288273406,-0.7441929971445964,0.0
2.922501882885193,2.7003157587292277,0.0
4.55091541966205,3.1390749879743916,0.0
-4.577486822050677,1.439524276482949,0.0
3.320751408452299,3.12324833253175,0.0
0.9829996185452896,-4.857750495617287,0.0
4.557608658735793,-3.5735910210952353,0.0
3.3202723397977154,3.977705365316383,0.0
3.816013457621342,3.081899683360028,0.0
-2.686207254989534,4.8220140054987635,0.0
-2.918880336402647,-5.680123524665019,0.0
0.37501204537457555,5.265836475262711,0.0
4.065495040962452,-4.197080660771847,0.0
-2.824651799774552,3.450013812837073,0.0
-4.372650763539319,-2.3762084218444604,0.0
-3.933590643421146,-2.352868968081417,0.0
-0.18514234815962158,6.14982392729184,0.0
2.5960595983660095,-3.4469211278907763,0.0
2.519554719556707,-5.735577314211709,0.0
3.4626323065998137,-3.073746806478808,0.0
-4.467744668177655,-3.3196459901710615,0.0
-3.8730169106451893,3.034929034797718,0.0
-2.7259346743662363,4.457745743342442,0.0
4.271000600881977,3.4273495442865207,0.0
2.1585576314690598,6.249620944327596,0.0
0.4059177788808803,4.70400905670379,0.0
-3.468330902393542,1.9704027576476864,0.0
-0.2334201497082348,-4.865774226798464,0.0
3.2542043758167085,4.671648802566084,0.0
-4.485333963601255,-2.97744930866266,0.0
1.152255805615517,6.026072612594835,0.0
-2.756997024549834,3.7308636373862925,0.0
3.8489671263251686,1.8767488714869258,0.0
3.971760463882084,3.22515030499412,0.0
3.5345938373385533,4.645810633703376,0.0
-1.308536227009057,-4.077317975110384,0.0
0.9664589374691929,-6.126107177919049,0.0
4.894538797291308,-0.5757874256504956,0.0
-3.851574587028972,3.7184693661973545,0.0
3.2691475234125176,-1.0873848432990108,0.0
2.6925206317887875,-3.983434074638348,0.0
-1.5443019848740431,2.244595557239541,0.0
-1.6586875649591057,5.528335453420183,0.0
1.3300385959203245,3.533903277639874,0.0
5.791303517735088,1.3471466331153932,0.0
5.536010298576062,-3.30009939405102,0.0
-0.964928623126183,-5.4900116017187655,0.0
-5.4453170489136875,1.774976668346192,0.0
-3.0756962126087948,-2.6036411405888287,0.0
1.384970524592708,5.095461891706801,0.0
2.541883651758528,-4.649802469232547,0.0
3.4207351687806757,3.6090291848670493,0.0
-3.8889132882187414,-3.8254215573576777,0.0
-4.116513610612593,-1.9249147193800227,0.0
-5.371707784552591,-1.3402376820479025,0.0
-4.2946908316419075,-2.7949823655775003,0.0
-2.9632942720346347,-1.532608603786204,0.0
-1.9218007409212656,-4.751605548824815,0.0
-5.42756761886344,-1.5501172395035563,0.0
-0.92594619399859,-5.6677129333215825,0.0
-5.253298726814665,1.6260237399263822,0.0
-4.5224002330656745,-2.077125642049196,0.0
-2.909091949699775,-2.6303098367817674,0.0
3.21120777009639,4.893702078922236,0.0
3.266743407861647,5.200872017571986,0.0
2.2812520642334695,5.118813661057957,0.0
-5.383937775995784,1.0204539609858867,0.0
-5.218252511371255,-2.5797851351105625,0.0
-4.238493250219384,1.2489005606731138,0.0
5.419149666766923,-2.9397113568819577,0.0
-2.084577651740771,-3.191860368074506,0.0
1.8278212798073736,4.043289144448636,0.0
2.088456021081989,-5.536724203751699,0.0
-4.1369719021812985,3.519802643857699,0.0
0.39341714375672904,5.996645203943445,0.0
3.048879290923572,-4.554997654487928,0.0
-2.0302549759345645,5.504981772065672,0.0
-5.583418212516304,-3.1541136532284804,0.0
3.061590849132966,1.398291688739731,0.0
-3.7555508512640325,-1.9558692606817305,0.0
-3.4624267792544505,0.22969066484138267,0.0
-4.964488509410988,4.405070630497415,0.0
1.8462229206955938,-2.709557598223224,0.0
-1.0644828763031926,6.1718699183594925,0.0
1.5913380856787016,4.697223686159977,0.0
3.9835438034629824,-1.2537664365655652,0.0
4.734364607662189,1.6997245625708566,0.0
-2.6763402388703112,-6.1134259572093095,0.0
-1.2935024784279416,5.404727919858504,0.0
2.773546076428079,4.9633079205262005,0.0
3.1110861751721104,4.727877163804312,0.0
-2.0563445224020525,-5.111259651923172,0.0
0.5160127250795966,3.5934534910885607,0.0
4.943081247708439,4.715273080774461,0.0
1.6544119797016927,3.8871491973193946,0.0
-5.6371460033665315,2.2352857793835073,0.0
5.225837962839322,1.7377691639364055,0.0
3.5200754226428415,-0.4472390035921562,0.0
4.325684247372988,0.709123842262605,0.0
-5.830052630927746,-2.9478621064593487,0.0
3.00874871361432,-3.6387549627911753,0.0
-0.8523830654226564,4.209298298189325,0.0
-4.0933848519780955,0.9958208423971584,0.0
3.0222408267277996,-3.8067525461160874,0.0
-3.2042756597935593,-3.4965484672043696,0.0
-5.43361764874756,1.1592452039719792,0.0
1.5164552392520811,-4.970022438021708,0.0
-3.0380050228150575,3.9937510885945033,0.0
-3.31271837193283,-2.954081843462745,0.0
-3.4663315692216066,-1.8481949300473541,0.0
-4.029997353706389,-2.6250893426074775,0.0
1.5801855509920746,6.326631140090226,0.0
4.01207765056711,2.3560016502956502,0.0
-6.176089374384215,3.3128937075811313,0.0
-4.440477265233541,1.3550555882171085,0.0
0.11635543755808736,4.603036171293972,0.0
5.40224152866114,-1.187364909956643,0.0
-4.091735713051112,-1.5483936204491136,0.0
-4.29229363557676,3.510269484382934,0.0
1.3957289754690156,4.650065939713004,0.0
2.330275496964948,4.029957706260669,0.0
2.7465103186942827,-1.1540089146434889,0.0
5.527364881573817,2.8529880420195877,0.0
1.455761353489401,6.64678250941528,0.0
1.0231006681738246,-5.876798515867945,0.0
6.709009469989256,2.1908373537563466,0.0
1.116685241916462,-4.158097366223153,0.0
-3.9220943047725854,-0.6888009521380709,0.0
2.9510741587598517,3.682002739736115,0.0
-1.0736783391892868,2.7826300224860265,0.0
-5.4917881044881405,1.6204438115362534,0.0
1.8118760468093995,4.363325354884093,0.0
3.6714309023063048,3.4966303883101144,0.0
-1.5439017440214666,-4.766836370670789,0.0
-3.227495664937989,5.603304056248837,0.0
0.3288217653556811,-4.379573752574832,0.0
-4.850622477506867,-2.423309951252088,0.0
-4.357560359431883,-3.1118016931359263,0.0
-2.664999425600482,-3.5640842664466574,0.0
5.221500349769022,0.17719956410376456,0.0
4.187609970346018,4.601728500869658,0.0
-3.4757357623040663,-4.483537409630291,0.0
2.0250876344995388,-5.765296118880506,0.0
3.0566926379197246,4.9927403282935945,0.0
1.6259800500572898,4.478672817614942,0.0
3.1032514268281726,4.143169882914793,0.0
-1.4700898181146707,3.746245094252928,0.0
0.1340223421931008,-5.713718250189955,0.0
1.021675869871554,1.446965997829524,0.0
-4.393187503941634,-3.0757285612030554,0.0
4.780748161385902,0.6113032364037247,0.0
3.172270542999756,-5.192137450676283,0.0
-0.34815324530656233,-5.953600768853484,0.0
-4.808523964552476,-0.1501805837973976,0.0
3.594332984495648,0.9538446462870875,0.0
1.5525794106528457,5.1419164997301126,0.0
-0.6623044589011962,4.761488932364331,0.0
-4.641813066983148,1.9650136317788756,0.0
-4.683508734937929,-2.024427376461363,0.0
0.26750448380875164,2.5943254330386383,0.0
3.089697138677653,2.9412559467540222,0.0
-1.8470798625808096,1.0647493495843832,0.0
-5.7590336855092925,-1.8803859221004315,0.0
-3.8560314458392804,1.1305490962880476,0.0
-4.735218471135117,-2.769986723362744,0.0
2.8518843174170603,2.860042651847985,0.0
3.7832276627183767,2.7091629159280433,0.0
4.628719764227692,-0.5510563758740944,0.0
-2.5974947993862028,3.5988228615887037,0.0
-1.8017893653939236,4.700101117528923,0.0
0.8303909451860104,-5.035726117054768,0.0
-4.422520314024391,-3.662781930479515,0.0
-1.6999164298211216,-4.937582435705525,0.0
-1.7911112101182598,-5.585056796159006,0.0
0.7594226850277466,-3.4421357413980957,0.0
-3.368021533114171,-2.2643391008168545,0.0
-0.22024392252593616,6.280499913101224,0.0
2.780164047283519,-3.110012418708845,0.0
-1.7387861682350674,1.26389856839962,0.0
-0.8784084482288776,-2.4161521653098608,0.0
-5.9907316402117035,1.7489494464662607,0.0
-6.050463494206314,1.052623851924002,0.0
-3.3413617634794486,-3.2240808003723047,0.0
-4.217838474636438,-0.6471591276676663,0.0
1.6500024466367391,-4.484830510978881,0.0
4.449691997875718,-3.346866417739572,0.0
-4.177888692495894,2.296863222175744,0.0
-0.9865166900478787,-5.0760980911219775,0.0
-2.8733895417310418,-3.1866801837562586,0.0
3.0605228736260637,-3.8916641221697597,0.0
5.256579140913637,-2.4103907493505585,0.0
-0.4699368292951029,-4.846164898052453,0.0
4.824193951922172,3.064007587030463,0.0
-4.456265845342257,3.659085699673052,0.0
-5.187608750478292,2.535580518042404,0.0
-4.912407612579091,1.0996764965868417,0.0
-5.2282608663596655,-1.947029179473294,0.0
-2.441703484235654,3.4950000497208458,0.0
1.314485688454367,2.661125200683046,0.0
5.8484050518437405,0.5338191060951434,0.0
-3.195964667089494,2.0248808245276124,0.0
-4.365039692868927,-4.4091408882334235,0.0
-4.567400960061599,-2.625601582522322,0.0
-3.7956547224324133,-5.828268846894298,0.0
4.167970947709516,-4.8802369442793685,0.0
-1.2824954238664974,-3.7465384837596685,0.0
-3.8495153569358878,2.7717228979033655,0.0
-4.338578963413988,-2.3765271650904003,0.0
1.6236484933079685,5.871750082961463,0.0
3.0146333084191395,-3.2991928230683962,0.0
5.905057213618761,0.02927430346058063,0.0
-0.5749936875759992,4.4076447662862375,0.0
4.241758581449513,2.250502460495316,0.0
-2.2357725383063833,4.049849330111546,0.0
-0.005246028765181747,-5.601571082310499,0.0
-5.629413129978167,1.3430975598167747,0.0
0.5090239778212328,-5.177796145877365,0.0
1.9347674571949764,2.9864944572673906,0.0
2.7113050408824266,-5.154870173168484,0.0
3.604665324726362,-1.216509964969736,0.0
0.06019603461443966,3.602836448068462,0.0
4.778661166870425,-1.153987826928621,0.0
4.947166075761568,-0.0910920237786088,0.0
3.095480246891371,-3.007805692472664,0.0
-2.220345716351936,-4.869150937150385,0.0
2.4011583180319973,-0.9037290037957051,0.0
-1.6802970397889632,4.019811770430699,0.0
1.2510998661265076,4.276154004230771,0.0
-5.55062771683206,0.22488533061196783,0.0
3.1196403838074125,0.6258445855400556,0.0
3.8226561423900245,3.5754871741607843,0.0
-4.333004481800521,-2.1519368965907444,0.0
-4.309832364089221,0.5118676920963755,0.0
4.573849105563725,-0.6860263664321382,0.0
-3.8652262567708933,0.9261760972026128,0.0
4.50878624823948,-1.1102484692414039,0.0
-2.55959396452985,3.8709430223730394,0.0
-3.296391041182528,-1.7378940857783542,0.0
4.571654227426499,-3.995355334329605,0.0
-2.121254352357487,4.516118606797481,0.0
4.152841473496285,-1.7236226908506842,0.0
4.742143375177844,-0.40967067102028165,0.0
3.800178936897954,-1.7318715814534946,0.0
2.2841580388207157,4.580708549647516,0.0
-5.760811737559949,-1.1763061506887416,0.0
-2.696968513214756,3.922504673899482,0.0
-3.7777053712119892,3.3225002518073747,0.0
-7.593910042997961,-0.8722492920513178,0.0
-2.5593497803015954,3.3214479865462962,0.0
3.1590327564613685,-3.0829378010725423,0.0
0.6836678421057325,-6.660802242511162,0.0
4.814967841292089,2.5082778738621245,0.0
2.3132533523349816,2.8628503962642364,0.0
-4.546600278062761,-2.8708101756467364,0.0
-4.255562622131148,-2.452251719623012,0.0
2.2473819000144863,-5.173752137775527,0.0
3.7309543438633925,-0.44613349328248325,0.0
-5.58212021076687,-3.6180607607816486,0.0
6.152579070444223,-0.1629784659993628,0.0
4.226225699889088,-3.1376733068542335,0.0
-2.3559602361227308,4.0893314283306985,0.0
-2.823761268159325,-4.420647750728821,0.0
-4.662598261652985,1.554919332858739,0.0
-0.41490059537035706,-4.6307261950279734,0.0
-3.7866515821747333,1.6458538983951632,0.0
-4.688831938736515,-3.4123931316839844,0.0
3.627688331055751,3.206548766871316,0.0
1.628842366938459,4.955226030305763,0.0
3.893929768808071,-0.30668910596591326,0.0
0.6376388063622954,3.893102496977287,0.0
-2.6210802652634126,-5.466046562568222,0.0
-3.740304242668328,0.8314938048928201,0.0
1.346623072892468,-4.331642227074738,0.0
5.280022286652964,2.0975862775485625,0.0
-4.863564611763429,0.9480186650487089,0.0
1.1554882105277084,-4.658965740146574,0.0
-2.220038201142889,-4.121934837199493,0.0
-4.277382407158774,1.227418409560264,0.0
2.9703094907915473,-3.6177864365052304,0.0
-2.1020937291823594,4.680596607551944,0.0
1.749020770445018,-4.2114268547293445,0.0
-1.5124140479782628,-5.315331683895437,0.0
-3.099118639188228,3.8023703239357745,0.0
1.2279048520923628,4.59684410425577,0.0
-2.0856279999332283,-5.707034862182731,0.0
6.14561685172632,0.3777065369596028,0.0
3.792698755856396,1.3175921556969654,0.0
5.371403526474244,3.2367851300307544,0.0
-1.0469408533277007,3.776546674995022,0.0
-5.414078854129426,-4.899051670183202,0.0
2.5843323355732593,-5.61069479705817,0.0
-1.5146117623231699,-5.952965875472205,0.0
2.2678427000740657,3.1960483633615926,0.0
3.689573763038443,1.5983014737290526,0.0
-3.7152169363008007,-3.2306799376882758,0.0
-5.401742593078554,0.8614243208397281,0.0
-4.2834973243399,-3.0438818085687065,0.0
4.669545391822245,-3.143174601735009,0.0
-2.8136421083694447,-4.0408478888069075,0.0
3.3024406319864568,1.305419669297677,0.0
-0.1666547785926672,-5.105777931192241,0.0
1.7240396439277528,-4.8023896022928,0.0
-4.915126281419013,3.3989181975029235,0.0
-2.6874481373946373,-2.6209460030319165,0.0
-1.2953259220212436,5.7577508674856395,0.0
2.5290878912930568,4.221911962572851,0.0
-4.440875479692523,-0.1994695016295848,0.0
-4.548972235536616,-1.1676366644870977,0.0
-2.2307744082570227,-3.798285952933635,0.0
-1.315477095370429,-3.3067439939417334,0.0
0.3351428805266299,5.601371107439174,0.0
-4.667496421216609,-2.84686486840883,0.0
-5.029453373487817,-4.163386000613161,0.0
-4.664802644923715,-2.4726053264860455,0.0
2.0410733407968062,-3.2086028970669362,0.0
3.6137713011288586,-4.733132031131367,0.0
0.4722883943649731,-3.8618494660132625,0.0
2.4983511435723047,-3.9007682527773615,0.0
4.778892706486821,-1.762081285051566,0.0
0.2474170157814788,-3.790156516062292,0.0
5.988174721247605,3.0665412289236107,0.0
-2.6280715926283547,6.8614619737473586,0.0
4.422107690506211,-4.816241854306802,0.0
-3.308707872323852,-5.368218289466481,0.0
0.22872710845375763,3.4907369616364345,0.0
-3.2545802479815595,4.325914706362967,0.0
-3.5160294413434423,-4.146777353944389,0.0
-3.8754098385446136,-2.567098959112238,0.0
2.1575451180691427,4.432344232521416,0.0
-3.8138896446099126,0.5256846740729174,0.0
-5.069014264516916,-0.255316305644208,0.0
4.194604712965337,4.210055257167914,0.0
4.830845632497922,-0.9227534305399576,0.0
-0.19902855669426361,4.630152393944803,0.0
3.3674891123532382,-4.570061226500132,0.0
-1.5345089103192138,-5.429313427692443,0.0
4.407331834656802,-2.7876503664274415,0.0
-1.0096813683598758,3.6729530127068233,0.0
3.643697139182845,-3.4870161163044506,0.0
-3.391498948969691,3.6587319047528672,0.0
4.458724915539598,-0.8944221450903618,0.0
7.183440520168134,-0.0033761367394721854,0.0
6.171267529509254,-1.502545595250226,0.0
1.51981368777905,-5.117556430687576,0.0
5.372335414041568,2.519331387900307,0.0
4.708730934628133,2.5820889048513846,0.0
-4.3315891242589535,-1.7033169902602336,0.0
4.252874826828055,5.297029666665541,0.0
3.739608429853303,-3.2932064352011987,0.0
4.3218290223610385,2.7305496581948603,0.0
-6.401617236861186,-0.4058957269233091,0.0
-3.339147805097951,-2.8591305696875473,0.0
1.877410594623106,0.9282373975818998,0.0
-2.4178724369165936,4.022541741758306,0.0
3.4897903964291888,-1.7317225746731921,0.0
-2.6110740535002934,3.8143912342424393,0.0
-4.020091750747581,-1.9276665557811055,0.0
-2.446739587568493,-4.267749940379882,0.0
3.823034940202215,-2.5715325454513636,0.0
-1.1650297169456656,-4.003487948627649,0.0
-4.212637242775538,4.353708721848439,0.0
1.4528189059352357,-6.6327350208752165,0.0
-1.7176153085435053,5.451972923568085,0.0
7.159170386198035,1.7301249122278242,0.0
-4.948550980544699,1.753767208729995,0.0
-1.6436131002995795,-4.506824654791901,0.0
-3.8561206022722136,-0.4237068536779353,0.0
2.567624719730513,-0.48215587622525796,0.0
4.199490462880848,2.784769723845486,0.0
-0.47710037834624197,-5.127184689326891,0.0
-5.433496977218303,3.733678235822303,0.0
-1.4928188538452076,5.5069855653007,0.0
-3.384224215676434,-2.818575764044901,0.0
3.974174263243093,-4.314337169266194,0.0
-4.137996459722611,-5.333181137820442,0.0
3.77695943060216,-1.4932489092277912,0.0
-3.312194042497302,-0.7913843581498586,0.0
-6.612549061511835,0.6247544304441853,0.0
2.740956199741149,3.55689158050507,0.0
-3.559291281984727,-1.9703828850613032,0.0
3.7639124241907282,-2.982921898064646,0.0
0.00020393305108867943,5.081334600997094,0.0
3.7490903251002363,-2.247895473270775,0.0
2.997501061486408,-2.306360510002344,0.0
0.9987408676900599,4.598411110048336,0.0
-2.6329637037856077,1.2080590037218406,0.0
2.758689456846131,0.0834387206630261,0.0
-2.5101517287089425,-1.2240163807949302,0.0
-2.4089831584158574,3.0310324675793945,0.0
2.1516165020364886,-2.2832276628364188,0.0
4.747905884692853,-3.0147981925310954,0.0
2.331281652407,4.783964973408042,0.0
4.973113905856591,-0.42082235928591927,0.0
-3.6464714227662745,-1.248102548159838,0.0
-3.735356982835023,1.4845008683467915,0.0
4.889865047985957,-1.1145041190603997,0.0
-0.3731063696375462,5.02191964995037,0.0
1.3581208169611314,3.953835203044202,0.0
3.008018114845019,0.226938210845609,0.0
-0.63713335435192,-5.294824005851569,0.0
5.6357437954827745,1.6447930998460139,0.0
2.2952560479463693,-5.549776466186734,0.0
1.9230521266282925,3.4641472785594667,0.0
1.618267843350219,-4.39762963624674,0.0
6.146862354698448,2.3856476374029087,0.0
3.8169813118439766,0.4040466544906249,0.0
5.708682522405741,2.4824981125042593,0.0
0.07390779508291927,5.762271013527633,0.0
-1.8254912636386653,4.252376781205899,0.0
5.111369880307008,1.6673189676188291,0.0
-0.06255477503425672,3.8812840788086644,0.0
-1.5014474009581198,4.400170190401785,0.0
3.268681155526912,4.426743267334004,0.0
5.292832170961211,1.7141400735723809,0.0
-5.089220838642677,-2.298889111081733,0.0
3.4036158098755056,3.0319398921763767,0.0
-5.66666479425597,-0.4372931469145706,0.0
1.3677896080297922,4.0078724923517,0.0
-4.755360417687754,2.73384709072522,0.0
-3.1597129185847086,2.9138311925970273,0.0
5.510966593452811,1.5971442394732682,0.0
4.902302754494614,-2.7432871821522227,0.0
2.943943022284946,-1.9281262338802325,0.0
-3.753530441724732,0.06775002377942803,0.0
-1.8690271739388902,-4.67136887257602,0.0
3.293595933920193,-2.62690847992014,0.0
2.3058878355071073,-1.9501175935388446,0.0
3.8185358434530063,4.646518539496272,0.0
-3.439580510736597,3.3842732412295455,0.0
-4.587675700502449,0.10615586402698313,0.0
-3.7082466439146935,3.3351099079387665,0.0
-5.3476938921188495,-3.3876783230859346,0.0
-3.946292488042906,-2.7765295800465246,0.0
3.9131947653093393,4.008222475196382,0.0
-0.5753143097077946,-4.054454309534814,0.0
2.0224895451657536,3.271078537423869,0.0
4.211213579676706,-1.0555316036322293,0.0
7.0948498641653055,1.4569959187593882,0.0
-4.115898627455773,3.556365649706243,0.0
3.1460325846356056,2.310550187296909,0.0
3.923012394191959,3.605022559228471,0.0
-4.616076059331585,1.4335234920032363,0.0
-4.53549978502534,-2.402841897220438,0.0
-2.5293223547596306,-1.7140898248161849,0.0
1.9634345158976465,-5.828666630660635,0.0
-3.755957015767839,1.1959588670332613,0.0
4.381838977047294,-2.986092776275092,0.0
2.434291763303846,3.7137298178956573,0.0
6.821148024674843,0.8922163037062016,0.0
-2.17095783553497,4.1046482010242435,0.0
-7.079876294588624,0.07063450480896905,0.0
1.8493133397343278,4.594553852121364,0.0
-2.732174814874454,0.014214851787797508,0.0
-4.995586375085037,-2.391313402139303,0.0
2.0845880800354117,-6.6639403350119455,0.0
-2.9030199185331447,4.601973961911933,0.0
2.2871065264735257,4.44874748269571,0.0
-0.34591042440752384,-4.07581948719775,0.0
3.597592624804301,-3.6949587222559988,0.0
-2.3940979507435953,-3.519962047290326,0.0
-0.5607787062007925,4.957367675734887,0.0
4.172870556177961,3.389536122475719,0.0
4.782923388530394,-2.532453340643278,0.0
4.381265565327936,4.687232743258682,0.0
-3.6061375329047274,3.0102759882331713,0.0
3.442301504568958,1.3366196636938559,0.0
-1.2761228418896935,-3.354631907639471,0.0
4.131486503052615,0.463706752109279,0.0
0.7464670044520032,-6.763210107775085,0.0
1.249286805811468,2.9928727775313235,0.0
0.621060737093358,-4.729180093089398,0.0
4.902652089058306,-1.8449515752945467,0.0
4.4251452404391465,0.9615796616613808,0.0
-5.9872955322435875,0.8914944783558433,0.0
-4.479651360925649,2.350627707784116,0.0
1.6156358485160696,4.201890267802227,0.0
-2.6565190678699055,-4.783446795041996,0.0
-3.0037651100880938,4.31773744067684,0.0
4.2738986443285025,0.25418781419661013,0.0
-1.1270132694795145,5.068275318691747,0.0
4.649893317071289,1.7152853854490648,0.0
-4.714628133319542,-1.1958042435433938,0.0
6.005789228904418,-0.2003635844067944,0.0
1.8727213037058925,-2.5526769975991916,0.0
-4.396379168058831,-0.15561836022583936,0.0
4.637222410061098,-1.9731787450931941,0.0
5.099633416781365,-0.9309668022706739,0.0
1.7972069993174906,-2.5152191474415244,0.0
-1.8504061232282187,4.448124582336556,0.0
-5.001038035238139,2.8374414459816415,0.0
0.6613693168648961,-4.314287635564485,0.0
-4.619665176633816,3.5231262161992283,0.0
-3.8140635632910387,-3.454819938139425,0.0
4.184682303903172,1.5897225995395523,0.0
-2.5791461353347334,-3.918097452319854,0.0
-2.1590913466086694,3.7904594125029605,0.0
3.3054725555640525,0.9470931926675759,0.0
-1.516622122261695,-5.43480445125507,0.0
2.9326641355529253,-4.0365631181718875,0.0
-2.8017979821721033,-1.4687809177974946,0.0
-3.9315401129658336,-0.8513989027564723,0.0
2.37857424426905,-1.84150221247327,0.0
2.1904395664532,-4.020447788900307,0.0
3.0912780317636144,-3.358762584398469,0.0
-4.380971223481614,-0.8928926176539623,0.0
1.0072018355464756,-5.056881031578804,0.0
-3.9706385687747088,-2.2300475710973457,0.0
3.8560587520065113,-3.4080125621960113,0.0
2.389658391273946,4.4876497940034605,0.0
4.451927149471144,-0.07058080326675552,0.0
-3.1103416105118806,-3.046650825645292,0.0
-0.2613649020211313,4.085179960700532,0.0
-1.457125076868082,-5.244739999372688,0.0
-4.020175180314021,3.276428751296893,0.0
-3.3792578134893567,2.9752138500914977,0.0
4.845732971376095,1.5840289094850646,0.0
4.288070785740855,2.231647270008088,0.0
3.722407610706541,-2.0253069444852723,0.0
4.388536098453934,1.3878314379486434,0.0
2.8750351225166715,-2.435332380565348,0.0
4.196432514310904,-1.2142985182676447,0.0
4.789127107742237,4.4301441337844745,0.0
-4.846845363372894,2.6766221750959267,0.0
-4.983965771753032,2.439201784497016,0.0
4.76180031372464,3.045477221866048,0.0
5.625263717032024,0.24289994296627598,0.0
-1.8854226443740372,-3.7842042307312473,0.0
-0.30454012131887115,5.576780554754109,0.0
0.9024181332239348,5.080464968688364,0.0
6.130624781193743,0.014261796466712695,0.0
1.6476654432964548,-6.065488038463939,0.0
1.7095292735079977,5.420251146429986,0.0
-5.339517863271039,-4.095067477569309,0.0
1.4951275239675843,5.465658844138815,0.0
-5.139109339332454,-2.4277851425626578,0.0
-2.0098757404741794,-3.961622163163307,0.0
3.2928931155303034,-2.0310236683597047,0.0
-4.486812103611583,5.1470989840264245,0.0
-1.0483592752223132,3.590056171623995,0.0
-1.4322715880317534,4.19153465794584,0.0
-5.380458024589979,1.5728052948982776,0.0
-3.3868146483157244,-2.486087177125606,0.0
-5.485242300401498,-1.2813551413214668,0.0
-4.354806234734338,0.5223563245067873,0.0
5.91423764662553,0.4839617482273424,0.0
-5.732475690235367,0.6763747665317503,0.0
2.7172598486044537,4.933095858881328,0.0
0.8962055633607187,4.268915472218337,0.0
2.283206540770016,5.52736437836103,0.0
-3.229464727275179,-3.6182767561138274,0.0
1.1974265021247188,4.5172319781676435,0.0
2.5352027164158293,-4.275272519205467,0.0
0.07208406579475721,-2.2401568821077853,0.0
4.496790576020707,1.3893762297384191,0.0
5.261170700809246,-3.043227556730184,0.0
-5.699568899768116,0.11566318570706104,0.0
1.2418291888677722,4.060240359573495,0.0
-0.6711524773070813,-5.145800632318181,0.0
-1.4440408236835491,3.3601331173992364,0.0
-2.36758868229253,-2.792398527007989,0.0
-1.5260390000393549,-6.2947454520769535,0.0
4.188449738586606,-2.373393688380584,0.0
-0.24168903542669082,5.991589956141188,0.0
-2.440622642469992,-4.118610596572933,0.0
-0.6772871604706296,-6.405797471079813,0.0
-3.0124510117065975,-1.4511557001983457,0.0
2.6747933345797494,4.725591846099501,0.0
5.8726562425941085,1.5935794288668783,0.0
-4.421945269058751,3.5612416811439407,0.0
1.6146830478942582,5.3384132095233925,0.0
2.4640214513653893,4.03117106376099,0.0
-2.2155165215802373,-3.1440787476555547,0.0
3.372808959702902,-3.8968908305985277,0.0
-4.719705678674204,-1.7838997365932325,0.0
2.642047435281468,1.39080185480452,0.0
-2.6468440542662544,-1.4001652169745875,0.0
1.5611750529845716,-4.168034307330781,0.0
-5.202096255793191,-0.525225446001161,0.0
4.311809734103331,-0.25087336955710615,0.0
4.594015391139249,0.8946359919835256,0.0
4.477276515931821,2.442424269899122,0.0
1.5438215079914268,4.263341711702602,0.0
4.8250718722471735,-0.562887714963353,0.0
-3.4619046942596143,3.2400615769740395,0.0
-2.3670459078270003,-2.459215288352382,0.0
-1.3802501589139824,2.9802245970273487,0.0
-5.045213602648758,1.9300090187150096,0.0
-5.260404727705896,1.6801237616271982,0.0
5.046061951940786,-0.39175893988914184,0.0
-1.1752347870710191,-4.9734189346710975,0.0
-1.2779130996263732,4.533065712391827,0.0
4.807496521518152,1.4544204235659979,0.0
-0.07132577742075172,5.44656238009466,0.0
3.9049299423701935,2.6355997897620598,0.0
1.1815405971759936,4.841583514458602,0.0
5.500205991521125,-0.5789699057030689,0.0
4.7936369771817695,2.321795933070349,0.0
-3.2519731081205085,-4.727197710657764,0.0
-3.419356194783889,2.13137676406301,0.0
3.2477886830358855,-0.2290037446042488,0.0
-4.620968615904144,-3.006009079462611,0.0
-3.467094630042418,-0.742407685994339,0.0
2.9192517514006586,-1.2847840057221471,0.0
3.317337858979643,5.250926262343156,0.0
5.346511642859526,2.1343765917796578,0.0
1.4059527808036256,-5.451111300583213,0.0
5.613730854952422,2.4451768200618855,0.0
3.5149842709821852,-5.179295790709083,0.0
-3.020592624519778,-6.021694456357944,0.0
4.121507352121874,-1.4969491629004312,0.0
-0.9234474745420446,4.4560744103126,0.0
-3.861020022058243,-5.184792740000343,0.0
-3.5484678048976472,-1.398881525672792,0.0
-2.5186285474521317,-4.338397641371461,0.0
-0.443918433531109,3.916893568830427,0.0
0.189275240957511,4.354448242959601,0.0
0.0947706742255571,-4.71184762845325,0.0
-1.909545925354078,4.907828602000794,0.0
-0.3072024155987259,-5.9068574828988485,0.0
4.489349129422813,2.442344587846465,0.0
3.5044494257106575,-4.708619970762765,0.0
4.57417884668654,0.859946009907948,0.0
-1.4049089534341999,-5.301292092970695,0.0
1.9028359941518656,-4.183504373873138,0.0
4.232054574853526,-2.130693890900996,0.0
5.9226827498083185,-1.0579485863928089,0.0
2.772515584533683,4.862793141776304,0.0
0.009638486456182241,6.935135681030962,0.0
4.262796876790271,1.9066217285795286,0.0
3.9466622433212364,3.673764030507714,0.0
-1.5282222770867782,5.8494513788582845,0.0
-5.525871318868925,0.9949249853635824,0.0
-0.8933388375478265,3.721500675359691,0.0
1.7057354501764048,-5.8334592695816445,0.0
4.968621691118592,-2.442153830409645,0.0
4.997941267249252,0.8738117481374714,0.0
0.23094426949552202,-5.578144592266575,0.0
-4.57243655778655,3.9421074334382684,0.0
0.977192729753321,-3.9303780911405606,0.0
-3.355527983561945,-3.046366343734935,0.0
-3.330902922869085,5.7298203936650225,0.0
-2.5913962457252193,-4.727547210353789,0.0
0.7309147383146595,4.622999280601544,0.0
0.9781717432323193,4.653393687154211,0.0
-2.2892542234344684,2.6280609004486903,0.0
5.037012632757294,5.043501114547246,0.0
-6.031470468764783,-0.8007658190020539,0.0
-1.9497279698336394,-2.6063911134659308,0.0
1.3373028525949857,-3.795924253780319,0.0
-5.565431504575175,0.07998289197032457,0.0
0.5852132434748673,-4.9722645393474805,0.0
3.4033350205352386,-6.173682980867599,0.0
0.7721215906612391,4.928888464634301,0.0
-3.7280874111729627,3.98354482113619,0.0
-2.9398153653556935,5.426123827002521,0.0
4.249354603554362,0.6001860389467253,0.0
0.36373170813815536,3.9524333870188677,0.0
3.940119773337512,-3.1019131748416107,0.0
-5.126084904836373,-0.6638949794156402,0.0
0.8960919674936242,-4.053402963643546,0.0
-5.04194421742194,-3.32944051082277,0.0
-0.1499888254446602,4.771837725541033,0.0
-3.186250190937218,3.2435033606099752,0.0
-0.5155560082844122,-2.828548158676066,0.0
-4.370561206432982,-3.393865321293692,0.0
-4.292686571887766,-3.247571452023805,0.0
-3.8252188052990097,-4.020623289795035,0.0
4.694139248229299,-3.2446233570174394,0.0
-5.719245340620534,3.3444800425872683,0.0
-5.1513280428786645,1.7635434039784097,0.0
-1.3326456128519728,4.082576300939262,0.0
4.024045225325092,-0.37246479307054364,0.0
-0.7763209430893813,-3.0213590238816947,0.0
-4.783813310393159,1.46364881288531,0.0
0.5718145597294902,6.249562982586452,0.0
1.4117532486218396,-4.576052885205021,0.0
-1.4684292444299423,-2.1368448079535383,0.0
-0.4101654516173009,4.2580186431082625,0.0
2.554328244090615,5.655699120533438,0.0
-2.408068016214296,4.690899570197868,0.0
5.95783151630378,-1.7460957054779491,0.0
3.8109207533210316,1.0774490806469903,0.0
-0.4455394700565499,-6.109660331686744,0.0
4.550007990882747,-1.6075802917877602,0.0
2.3225167856650235,4.350335534652829,0.0
1.890726053705815,4.123951478290643,0.0
1.1879856137719729,4.974175605799503,0.0
7.3347813160074,0.9331852843799386,0.0
-2.6288810194406853,-2.110663074982366,0.0
-3.34683156404714,-3.792662956225953,0.0
-3.821742596429149,-0.14865631073625796,0.0
3.2783709042533946,1.3282351200950189,0.0
-1.7569592384460038,-0.6738964295599825,0.0
4.7647337319566825,1.2340260195935049,0.0
-4.196575244979987,1.3647597492429542,0.0
-2.6573192538765324,-1.405763689704373,0.0
-0.04092524900861692,5.90435783725926,0.0
3.0837542996977763,-4.8246272940706545,0.0
3.3512748781047312,3.2935920881401173,0.0
2.8278584757669014,3.8003668304969525,0.0
4.831264299735731,1.0173493401900673,0.0
-1.4523290249806318,4.338844454900158,0.0
2.467568857045135,5.590734932170081,0.0
3.3217691507436338,-2.4806464031478503,0.0
-0.6167852357715374,-5.0794752650319746,0.0
-3.5743817850212625,-4.479932348299211,0.0
-2.8038926721300816,-3.2461553294470487,0.0
-4.740468394702244,3.859389211520461,0.0
1.5126202009190433,0.4538099063307171,0.0
-3.8421522064356752,3.379305612111208,0.0
-0.5342859276117922,4.536371672023988,0.0
-0.7816270125607945,-4.366721642365718,0.0
-0.6238160148602935,-6.209690199889672,0.0
2.7519158286630114,-4.3628902330554284,0.0
2.721441109771026,3.748298661444,0.0
-3.6751276496840504,-3.3344569357987837,0.0
-4.818006132175485,0.4903474638722815,0.0
-1.682822672631313,5.8261971368819285,0.0
1.6292507123579312,-2.3659306825786053,0.0
-1.6553295244344894,3.9142347930423806,0.0
3.3084477305839086,-1.2951751606257882,0.0
1.2027350379069244,-4.13649032437222,0.0
4.499807532348274,-0.507425323817394,0.0
4.045545397995512,1.6949953663114614,0.0
4.79643398929251,-3.6029659979793465,0.0
-2.3509414817771805,-3.9801121795847845,0.0
5.424753486559095,-2.782115318408137,0.0
-3.7680986101022316,3.016720208072188,0.0
-2.2812208895559722,5.159225132165639,0.0
3.1922466167033394,-1.6310159660459298,0.0
-5.067340301901768,-0.2954808583227392,0.0
3.121961324203808,-2.6400112804909455,0.0
-2.921713038536769,4.136878147361892,0.0
-2.625274386625366,4.958593515013385,0.0
-5.838917611872168,-2.9605738137815343,0.0
-0.5614796705154661,4.22432607635407,0.0
1.3424319253212842,-4.13863768261256,0.0
-4.542718082431182,-1.9623974045226695,0.0
4.660238726231763,-1.0545341370363488,0.0
1.1188287350610027,4.354599894018902,0.0
3.577386397801807,2.1013095059521127,0.0
0.547012353935395,4.498821246204194,0.0
-2.1983503799536566,6.248111889319194,0.0
0.01592039457350943,-5.701651917182787,0.0
0.6269796816053974,3.5762370208984198,0.0
-2.2507577574643673,-4.668909975783317,0.0
3.1914672756771427,4.249524548824965,0.0
6.495977985624111,-1.3502452665064577,0.0
-4.213584221674796,1.3635712497420922,0.0
-1.2417825730977499,3.7761467364236596,0.0
4.524855852750888,-4.270880362280646,0.0
-5.3749802216005245,1.5129936682327358,0.0
-4.001425340180573,-3.2625064080237483,0.0
-8.631782313727939,3.139085013471918,1.0
-6.210787845948629,8.425089061488837,1.0
5.304311994660028,-10.180120474352302,1.0
-3.352194946105899,10.317842873648681,1.0
-7.355226446796231,-5.601002345838583,1.0
-9.388962932714035,-4.70450298698749,1.0
7.06212973019372,7.33083667180379,1.0
-10.502670029209987,2.5097461069181204,1.0
-9.047744678779782,-6.3414299956266245,1.0
8.89989172038023,-4.990660543031226,1.0
11.168287731139554,-1.2477522749204335,1.0
10.066174212168498,3.247588388112048,1.0
9.885330317881794,-4.390164481402013,1.0
-7.498129936936925,-7.181985833760866,1.0
-4.384762825156385,9.239981253973031,1.0
-0.33756647123370487,-10.069202786206613,1.0
0.9617701638884195,-8.572551259275539,1.0
-7.180235042952197,-4.724177242833765,1.0
-9.304372539395384,0.5729774833156932,1.0
-7.0016719445564215,7.659372260820517,1.0
2.894892705407618,11.25705052787573,1.0
8.453354334611959,-7.386509137939192,1.0
-2.8470617167105123,-9.0009088635645,1.0
-8.705619854742658,-2.11026033159938,1.0
0.20442131539181696,-9.435472698684496,1.0
-4.095987337241382,9.76849865708904,1.0
0.9133578024320005,-11.375428687189878,1.0
11.02702435067539,-4.950824388565243,1.0
-7.854827134635496,-5.511799973776038,1.0
10.48292225646976,-2.0362620070328603,1.0
7.735349055981286,7.102913435804312,1.0
3.443750832674144,-8.801687132010796,1.0
-9.778075286705414,0.5010293153144525,1.0
-2.059162198618502,-11.155754066175987,1.0
-2.879558294088178,9.662460048979066,1.0
5.008913223605005,-6.7973152976898845,1.0
-8.755894485293915,-6.684023852180268,1.0
-5.089793170295468,8.48960272189881,1.0
-4.881859140263664,10.132767440982041,1.0
5.276634593671108,9.380390762956512,1.0
2.4133340887888926,-9.859279916583272,1.0
5.361703830769641,-6.237872950670253,1.0
7.826266015244494,-8.218023128068072,1.0
2.847877940667161,9.507806103370953,1.0
-10.188732863249903,-2.1672500700864332,1.0
10.088015261174784,-1.8947433840733752,1.0
-2.85033509529412,-7.807322089559086,1.0
-8.260498045861986,-7.071160839455942,1.0
7.7664707716342996,3.2640387118706715,1.0
8.64061763226101,-7.202925256073515,1.0
4.560846827862326,3.8434383198027415,1.0
5.924580049725387,-8.087731713390648,1.0
-7.7518871978723585,6.4945460434383655,1.0
-9.685157092065834,4.0457011504665905,1.0
8.300315857236836,6.6601164659261505,1.0
-8.617043925852059,5.417385798607096,1.0
8.578837708674822,-5.327547530143024,1.0
2.075564901252603,9.216096678021161,1.0
8.993380356056964,5.37583310024239,1.0
7.135387565827245,7.355577928202072,1.0
7.512280731397232,-7.040350781962976,1.0
2.6638583081917657,9.322860222086465,1.0
1.7911721241935188,9.423260162586855,1.0
-9.920316695626678,5.036967606267417,1.0
8.5563384919937,7.771897624704376,1.0
7.28097562190434,-6.298071066583904,1.0
1.0903271662650014,-8.553576951822116,1.0
-6.772341323085746,-7.941841043774401,1.0
11.608084461017718,4.954657480377399,1.0
-9.38313254807054,-4.9251598771573635,1.0
3.502097594341344,9.23496586534583,1.0
-8.955722212045975,4.930435436109819,1.0
-5.096567949974333,8.831667031821256,1.0
-9.845991045814806,1.7909567898664958,1.0
-5.462175700463792,8.562878105036926,1.0
-9.16099216239813,-0.42112624585001585,1.0
-8.226468499931581,2.3451102306268656,1.0
-1.2399555566514175,-11.66306029542552,1.0
-1.8975085693116849,10.876136668786883,1.0
8.856010461062228,-3.9378872106574954,1.0
-5.113327521486173,-8.933645807895173,1.0
-3.506050895499954,-9.643744139016054,1.0
-3.7712887875390053,9.72026016386591,1.0
8.961152474492115,4.604059114573002,1.0
-3.737205232930573,8.262960162942967,1.0
-10.090041567546535,-1.511312434163251,1.0
10.038777003914221,1.9607378674471072,1.0
4.581539255208727,9.339686237172986,1.0
-4.505293865482573,7.512867523698386,1.0
5.683133104052898,-8.754911800546642,1.0
5.080636145737171,-10.201548548028786,1.0
-9.450143173909547,-2.7631413727791245,1.0
8.660222084957251,6.934881520703704,1.0
-8.929155932979993,-5.703246179236355,1.0
4.663789169309931,-7.3937031744851405,1.0
-9.763306161372606,-2.5395615323725145,1.0
7.8058817626298715,-7.658431444931212,1.0
8.371274262814328,-5.210441288285687,1.0
3.442172945524723,9.035387765887226,1.0
-11.256574617371617,-1.1852511159616377,1.0
-9.253301522352787,1.4029997809583865,1.0
9.735357941176709,-2.683633310220641,1.0
2.732317868123091,10.074897680904979,1.0
-10.487113346700143,-4.687533349491039,1.0
8.085349220065815,-6.27446224826489,1.0
-0.6629197990683776,9.616054127565642,1.0
-0.2145383420130718,9.86748500163681,1.0
-5.427306815486795,7.590579367902394,1.0
-11.091465961756018,4.089535206418738,1.0
7.626837479963918,-5.860597816354875,1.0
2.217537001443212,8.90369279828369,1.0
7.567133076915915,4.459574481323954,1.0
-4.854749761625465,-7.0943684428372285,1.0
-7.348485662709918,2.522971126563166,1.0
-6.092769606691922,10.745295968872083,1.0
-10.827049300849598,1.2696875087453476,1.0
4.043686084185449,-8.981886665456598,1.0
-6.315870751740097,-9.020050247130348,1.0
-1.6584173725675677,-10.843779436510289,1.0
10.947147818749588,3.6694592542449067,1.0
-9.751843347169165,5.259540182985341,1.0
-2.605551589444485,8.709370109712752,1.0
7.247908644542488,-7.117842779892905,1.0
-9.556823174753541,0.49061411096183316,1.0
-7.807589679678503,-3.887650673314222,1.0
-10.0611736032772,-1.2657253836887545,1.0
-2.9138876650730143,8.634821356231779,1.0
7.102582626516973,6.40060350033515,1.0
8.44669405677569,3.746117786727125,1.0
8.838371635160309,-4.76826773662126,1.0
8.209543344697504,-7.178106116966634,1.0
-0.3585018575762134,-9.358247141117582,1.0
-4.38084038392898,8.96219787791016,1.0
9.227980462423089,4.521000725810024,1.0
-10.742705589881504,7.2558163269563085,1.0
-6.468525639748171,5.631803861025194,1.0
-8.352696215772157,5.7144793593411,1.0
9.33597380469227,2.853237624424423,1.0
6.962550594224956,7.033035962868009,1.0
-8.542337352285125,7.253463438134302,1.0
-10.161997052820688,3.01959623954873,1.0
-5.5560592316495265,8.48728881362389,1.0
2.214591949171659,-9.524062651843918,1.0
7.457394260638017,-6.308686696100298,1.0
-4.199613247771755,-9.532073929182896,1.0
-9.7550545650321,-4.28950945750395,1.0
9.836704641895535,2.2980333423477823,1.0
-8.204755753339375,1.9475937407344328,1.0
-1.7375446024749621,9.924926973236278,1.0
9.459431043685054,-2.0536588570391303,1.0
-8.18129657292188,1.9784222300612533,1.0
-3.0903546262658645,9.25578975792108,1.0
8.817262133856213,-0.2627532043321621,1.0
3.3277312247116555,-9.488211309741144,1.0
7.850100819163702,-3.512615385455793,1.0
5.9092402869874725,-7.817588442352207,1.0
10.088270082587865,-0.8897382649084338,1.0
-7.438992070421308,7.532243979977809,1.0
-9.790004837604547,-6.555026713509297,1.0
-7.193298046845334,7.653452695265996,1.0
0.014917990387209314,10.040907770828351,1.0
-7.235799845281571,-6.551489254220924,1.0
-0.9105978960235918,-9.674134369731085,1.0
-8.652560325490507,-6.039626130336217,1.0
-7.964110469929912,3.7594584875441313,1.0
9.774786130528522,-4.161026260882068,1.0
-9.60389138818402,-5.129967744762482,1.0
7.436668214883508,-6.559260653118638,1.0
-6.537383418782837,-7.4618669674923925,1.0
-9.436967599037752,-2.6120239103734373,1.0
-5.308451060545613,-10.408387538932338,1.0
3.8032257709187967,10.588018413304543,1.0
4.521015715249155,-9.617626698807015,1.0
-9.847934131856627,-0.5110451733571587,1.0
-7.788728092703763,-4.346063394113997,1.0
-6.738006168834142,6.464545371254741,1.0
9.179561006691415,-5.734114458152807,1.0
10.027607433787914,-0.37916119663378345,1.0
-0.5440255271803093,-9.501958333644525,1.0
-1.9022931701778993,11.372451198453184,1.0
8.91186847270807,2.017515922407005,1.0
6.141244823398596,-8.56831797847322,1.0
9.737650367357917,-4.894091394367455,1.0
5.899019171145373,7.748962301180899,1.0
10.366528329078308,-2.7470611448394844,1.0
7.368641712154616,7.6372169202228495,1.0
-9.362980352065811,-2.858725279315006,1.0
-9.730034917396862,-0.07868338187527316,1.0
-6.097711602412708,-6.390853176330311,1.0
-4.153931891309345,8.541208161951555,1.0
10.442221247098074,-1.2236853253481643,1.0
8.953586543628175,4.636623778759949,1.0
-2.4556467652766316,-9.309110004358086,1.0
6.080643511763484,4.71811659195917,1.0
-8.930598715782057,-6.065832519274127,1.0
-0.35895138666790494,9.923894249341357,1.0
10.54165571490934,0.5240092286821716,1.0
-5.0666383785240425,5.32471437934643,1.0
-3.8949199002798345,-9.400177069285151,1.0
5.172617767034419,-7.834430643982617,1.0
-5.71849126697739,5.620557554684571,1.0
5.41914385788494,-6.836465886034632,1.0
9.653583657630163,6.789260744369223,1.0
-10.063592865071257,-0.2185111862764234,1.0
-5.750905062322499,-6.415443527390922,1.0
7.380105731881125,-4.6102225382547255,1.0
4.317929991110206,-8.369991766735712,1.0
-3.323902183055435,8.728452460008876,1.0
6.133473238913837,7.362921736121353,1.0
-2.026320323719102,-10.275687304696364,1.0
-6.817558899261278,-8.901688495095232,1.0
9.598212249383236,5.567095169943689,1.0
-7.654746751597198,-6.721562277986846,1.0
-4.40959287089673,-10.888085645003642,1.0
10.243090000528918,2.856618217317904,1.0
-5.651637202561712,7.699931834495002,1.0
-2.719933678912899,9.381399523160804,1.0
7.40210945096729,-5.707423925747981,1.0
-5.541096299357955,8.318423514291116,1.0
1.9135274422552928,9.121214162248334,1.0
10.223969330985984,6.337271298995466,1.0
-11.187796420056213,6.506665252183434,1.0
5.7254337378881806,-7.911963164807931,1.0
-9.099025719362496,7.4905818179278185,1.0
6.643034688201022,-8.96122952056107,1.0
2.578433462308381,9.226859308006926,1.0
-4.005585141858674,-10.709709168758813,1.0
1.8787549543094237,-10.494559948804865,1.0
10.047442559932835,-0.3477049059087758,1.0
-0.1515625085332731,9.712906492768967,1.0
8.127870332322178,3.122111356485907,1.0
6.037306978694125,9.154584716813602,1.0
-8.587573252664178,5.216874987605957,1.0
9.673866800170119,0.7111904671043543,1.0
0.0108312891375837,8.954240932966266,1.0
5.6445639831364725,8.43589620551328,1.0
-7.69260526695498,9.373657947384284,1.0
1.687037884903269,-11.043171173950288,1.0
-2.8434637514815604,-10.03600738755128,1.0
-6.663055307325976,-6.511564088825914,1.0
5.602487627592928,6.8881461042054095,1.0
-7.679893788544396,-4.371687200765892,1.0
0.9534946340582712,9.259959296638698,1.0
4.221264499083191,6.910818290317451,1.0
-9.538345548851796,2.7680710821085763,1.0
6.768527319035321,3.426870746997805,1.0
2.803640453919821,10.164222303794476,1.0
-8.264864956210818,5.439107773997943,1.0
-1.1630368304502872,11.386227794842155,1.0
6.395455369913588,7.354730924841588,1.0
-3.0523095201371593,-9.341781264367388,1.0
8.551360653649535,-4.85442149525198,1.0
4.0471520870957365,10.052399309122077,1.0
10.692649849879459,3.40453830777007,1.0
7.286869585281465,-5.08363584027799,1.0
3.6850959336377973,7.3210100611935385,1.0
-9.350903322995364,-4.061122623374941,1.0
-2.1705070828844164,9.923576740813369,1.0
8.03968003312324,6.272458313462568,1.0
-5.055677876108917,-10.198196136721029,1.0
9.444995732222875,-4.1420654615492065,1.0
-10.756771247202977,-1.4033212352591664,1.0
2.7717216794360016,-10.185433273998008,1.0
-9.428432729340026,3.700248932968774,1.0
6.7195157855196195,8.464060238325898,1.0
1.6452552794048363,-11.099959544562154,1.0
1.564112335986811,-10.775107016017815,1.0
-7.986653520661084,-7.471180644246598,1.0
-2.772674132937543,9.74915649747149,1.0
3.9436487614015867,-9.562029323013215,1.0
-8.066657175312487,5.706903971140871,1.0
-2.4539554267140615,10.088279409905024,1.0
2.6398118589979185,8.038149818918885,1.0
2.6275044137470784,6.575517669316818,1.0
8.703217702667922,3.277132186151377,1.0
-4.154329867751044,-7.858425508876129,1.0
5.039676215592793,-9.797996554074578,1.0
-4.958570425074406,9.566270125457125,1.0
3.2498819588753562,9.9866198779889,1.0
-4.076842707583104,9.297931425488402,1.0
-8.110727577380938,6.301905005610666,1.0
8.134612350258676,-6.5602718304532734,1.0
-9.560745843785162,3.7966322984669065,1.0
-8.112244303914164,-5.900289347132321,1.0
-6.569627965686637,-8.756401329217965,1.0
8.106225118415962,-3.868458703737954,1.0
-4.976615088278794,-7.980160442956978,1.0
5.643107034899819,7.815376209424327,1.0
9.375678180715944,3.8266536890446763,1.0
-5.8472779530151735,8.602707746620052,1.0
4.614429235933282,8.158690118944854,1.0
-2.374505428231147,-9.966544946085426,1.0
-7.346166436748425,-8.263365650726485,1.0
9.405007629709477,-5.878690516293266,1.0
-9.152588951161752,1.7833379934288118,1.0
-9.511514870026021,-0.5087078682434165,1.0
-11.374466305114929,-0.9631332501042847,1.0
6.616046911558295,4.433633918859129,1.0
-2.1138793992069007,-9.294293245580496,1.0
-9.067437771568883,3.2236293716751643,1.0
-10.997397671533198,-2.662116414802691,1.0
-1.4437958357274034,-8.810244560774207,1.0
7.1192033934412216,4.547914536201581,1.0
-8.90190695075544,5.6329765085695405,1.0
10.45625772861457,-3.6528656448898484,1.0
0.785209524422407,-9.145385058197744,1.0
9.603482498049345,-6.667878121996435,1.0
-9.93696340127304,-2.9001370624908045,1.0
-10.716073005578346,-1.7813148902306595,1.0
7.580307040997951,-8.599490084592386,1.0
-4.0337581543718874,5.979627587807903,1.0
-9.956117212266385,-1.580944560599838,1.0
-3.4916369882177585,7.513208917996308,1.0
-3.1598953130455882,9.706305662636213,1.0
-10.406345556594363,2.958938426361021,1.0
-6.641712161849059,-8.635178372829097,1.0
7.792543434681917,-5.717418292112773,1.0
-3.7069129728718746,7.469847726317163,1.0
-2.400548497993048,10.354638130920572,1.0
-2.3911058186872487,8.781775108534362,1.0
5.138012160974899,10.852440487783625,1.0
3.110429895834061,-9.467733608514326,1.0
6.582571251290529,-8.314794822358326,1.0
6.84940892311003,-7.093075935856713,1.0
-4.521548999042136,6.681441251600927,1.0
7.373505490194728,2.594399327880183,1.0
-7.347440547779748,-7.47986437869903,1.0
9.626501865021769,2.9748198157709442,1.0
0.9493923100873075,-8.426558653675421,1.0
8.918674112958756,7.684143271461945,1.0
9.007760972133676,1.0743556422053733,1.0
-9.13596782712952,-4.400725802258989,1.0
5.691143252131016,-7.335918835731365,1.0
1.2078991027638006,9.361827080391523,1.0
-0.17143750831742727,9.201917116837842,1.0
6.163046682411793,-5.685537135451857,1.0
10.174283688905883,-2.343327160625877,1.0
3.014637124516119,9.507092468304409,1.0
5.447966886916207,8.802049199967488,1.0
3.0161904613732937,8.924006294782286,1.0
11.927171505239764,-0.6968802514571687,1.0
-7.21773185410332,6.990475835347097,1.0
-4.156462621834956,-10.801523767277475,1.0
-5.166809530682909,-9.419599045616964,1.0
10.18233436148373,-4.96269961292412,1.0
-5.931437238564408,6.235675288875477,1.0
11.082117492991102,0.9133518817402717,1.0
-9.777108126069535,2.8337143775271794,1.0
-10.366125721936939,-3.6934200691734036,1.0
-9.375245269126713,4.767306308868298,1.0
-6.88359705035719,-6.691299138237001,1.0
7.233030262450518,5.545496651694674,1.0
8.745809340631812,-6.281545804480555,1.0
-3.7274435441290823,7.9081005278843985,1.0
9.89339279353332,-5.2145862113959325,1.0
-0.4937934731939213,8.651621793954105,1.0
4.051542117182695,-10.38869032995693,1.0
-8.804531648330299,-2.466200977833967,1.0
-3.1964684506773104,-9.179066309826569,1.0
-5.753145306383466,-9.999116787880514,1.0
-5.60468654759581,8.1335288357917,1.0
-7.263979678798042,5.681559926434944,1.0
-1.9441184916158505,12.328689635341487,1.0
8.124488987494958,-2.249418090091351,1.0
-6.4993459761561985,-7.603863775979177,1.0
7.441414834382791,-5.442746356586818,1.0
-9.544211626710766,-1.9113082339662033,1.0
1.6273933319730636,-11.413135237297585,1.0
-1.5736248973926779,9.69370261779173,1.0
1.9045711166899175,9.462022674345201,1.0
6.541479474414399,6.300566544758254,1.0
-4.956509917498042,-8.85455078289376,1.0
-7.23567113007506,5.875058388925432,1.0
-9.494525131875115,-5.345680332159296,1.0
5.4549952145135245,-8.392716984679657,1.0
-10.222909006911218,-1.7937709449710602,1.0
-10.015828664860546,-4.44809713686526,1.0
6.7155961753030775,6.732467217361834,1.0
3.535336418273623,-11.106552119122288,1.0
6.357852576051096,3.9692293516525243,1.0
-1.1806818038175495,8.967674105786227,1.0
5.461493577990509,6.687682159138167,1.0
3.1820075035471533,10.278953328669335,1.0
0.30663908147908886,10.452901064833476,1.0
1.1495740421321445,9.326583602508736,1.0
-8.852154270319215,0.24938009629232222,1.0
8.595034688241773,-3.539644052100755,1.0
-8.603367864738168,-6.544705849607518,1.0
-3.2763402536720343,9.420886734405576,1.0
6.748892279217901,-8.206722795824495,1.0
-9.407149518797995,-0.860675726054192,1.0
-8.458896257070418,3.5968033269934576,1.0
8.765259115119402,4.10033456700063,1.0
1.6105172530006329,10.815391823554132,1.0
-1.975211276746593,-9.205651744259425,1.0
3.3587996454330105,-10.243747118907567,1.0
4.912964916570926,-9.156009271579633,1.0
-4.365300549673751,-9.988372312267174,1.0
6.130216319904839,-6.685646222069112,1.0
-8.535481930190617,4.150634730167672,1.0
2.734474235754517,9.594618712128801,1.0
2.715166662925107,-10.651553820771518,1.0
-8.220620527033953,8.198316113325763,1.0
10.395235666550187,-1.458505727872123,1.0
-9.061241863860948,-6.522415267256318,1.0
-1.7793780144161204,9.875050608015679,1.0
-10.301441908311304,0.205175463943146,1.0
-8.765298470815999,-6.358850248360415,1.0
-7.142169820311527,5.361712599392879,1.0
8.990625272606287,-4.855752731260958,1.0
2.3007022075844734,9.508731413128885,1.0
11.786846613853664,3.6656604681909264,1.0
7.374629581797333,-6.8741782554574735,1.0
-9.370381501268028,-4.992829169825495,1.0
-6.599520032022985,-7.633798377950715,1.0
-5.899147552702136,-6.78303080473817,1.0
-7.0818088820701774,7.402382620148002,1.0
-9.386112464877446,-3.963841758057913,1.0
5.826811803892522,9.644582360293073,1.0
-1.673776602909672,9.63563249228325,1.0
-7.449446829000717,-4.9038472304425405,1.0
6.729532981286739,5.603393060567332,1.0
-9.205556654658373,3.9802961285218905,1.0
-10.073570978529983,1.7793144454750216,1.0
0.9341033395619632,-10.431747918174565,1.0
-8.710697245630781,1.4244123442157286,1.0
-9.424962687175125,-5.055619292831547,1.0
4.851989957169426,-8.956707998330558,1.0
-8.842089065996998,-4.525680512594988,1.0
-9.716011773182176,3.2468458303482044,1.0
4.019578645479641,-6.890886648458987,1.0
6.30293677340786,7.169403817392047,1.0
-3.38315828202567,-9.552032819134912,1.0
9.58981315480876,-2.144100203313772,1.0
-11.67848845407238,-0.20355651559906912,1.0
-8.237277352368519,7.776080608825228,1.0
-9.42842092043516,-3.946702281694798,1.0
-0.35085984834977985,11.517194396587902,1.0
-11.265259775331533,-0.921653171926932,1.0
-2.2835845313100283,10.003729339993857,1.0
8.414339490118655,6.275158594024282,1.0
-3.4503962477562724,8.966851924272813,1.0
-4.323879306303797,8.03225421805263,1.0
-6.847990294959853,6.653680177356789,1.0
-9.52432628900039,-8.335480043573474,1.0
-10.095470492793163,-0.599729366923533,1.0
-9.842030037081702,1.3672230465672874,1.0
-3.2322275957749795,9.176771508996074,1.0
1.3307798655927525,-9.55041240444282,1.0
-9.420230328749197,-2.4934527339279158,1.0
-9.411968113297075,-4.390704357328497,1.0
-9.230055413361452,4.608120911829052,1.0
11.813766181487887,2.245820391285026,1.0
9.314691311796405,-3.2290199287418178,1.0
-2.581686618941745,9.257099521528957,1.0
-9.837962027219575,-2.7909697981127817,1.0
-8.683217165391053,-4.764906048034927,1.0
-9.261087355020928,-4.87323936424223,1.0
-1.8893925357542856,-10.230976697536518,1.0
-9.30114787360051,-6.991778730623859,1.0
1.9769766571370309,9.627014634145738,1.0
-7.848295214049256,-6.965527591378881,1.0
-2.004203459049317,7.399738109306128,1.0
-3.8600889739732414,10.348000521657802,1.0
-7.15847946315876,8.509908282228603,1.0
1.4600376757399767,-10.2488558031939,1.0
0.5164737104048385,9.489353260014516,1.0
3.9184115571390494,8.630183856096371,1.0
2.6860164569065925,10.055253826204797,1.0
8.19328036720805,-2.651355497721093,1.0
-4.288513083607147,9.82346164915464,1.0
-6.616057380992155,-6.665692301955482,1.0
-0.16538251337707185,10.083910816664186,1.0
-9.650123006434747,-5.277888038060822,1.0
-0.25345159139245493,-10.590660939680282,1.0
6.011704753218414,11.174132926857574,1.0
2.2804566481125286,-9.485670410758527,1.0
-8.849431891364612,-5.084522388046164,1.0
2.1098677649291417,-8.559579646211226,1.0
-9.561293328056287,6.916936115611316,1.0
-5.475317634597576,8.037482143851586,1.0
-10.309987075145367,0.8169536085196334,1.0
-0.9747906289426262,9.570026343688191,1.0
-0.8993841855229321,10.818856724693127,1.0
3.591748834662519,10.278769835321375,1.0
0.6199570955743792,-10.462094588516655,1.0
3.433491455320127,-8.723359136546133,1.0
-2.9820443939423082,-9.97171509859569,1.0
0.31336634394805163,10.63185487683139,1.0
3.8341675084406894,-9.949345430336042,1.0
10.245786683651035,-6.768503933317506,1.0
7.494796679658034,6.258597208923603,1.0
-1.0984827921961056,-9.203064612638729,1.0
-8.964297760381248,3.545982320311489,1.0
-3.653978322622772,10.852161728502757,1.0
-9.678072334368926,-2.896598748253109,1.0
11.120945385673041,-2.140998053358882,1.0
1.5352729106038647,-8.438712508409717,1.0
-8.385451684967803,-6.737098018756806,1.0
-6.559000979356351,-8.67960152350151,1.0
-10.46332907049016,2.6024899090249662,1.0
3.3170467236304497,11.338041640397153,1.0
-6.676686369163302,6.563850069526976,1.0
-7.755141485425843,2.473308115189634,1.0
9.702571751974082,-2.9212462372279706,1.0
10.828573664853591,-3.8682436974328205,1.0
-11.544003149231607,-3.8476795009014415,1.0
-9.752298826914274,-0.6261274501101846,1.0
-6.939472158370219,-5.9815646011320425,1.0
-0.7088227024149415,-11.212553685232315,1.0
-4.558988497586994,6.985669197201863,1.0
1.3565810278565242,9.611356652706299,1.0
1.4492001591827026,9.153093879704558,1.0
-4.035135911191119,-7.7001564845502,1.0
7.999377768541029,5.652500691978285,1.0
-2.2050596792192554,9.800262818737195,1.0
2.3409702670391836,-9.931203361469064,1.0
-10.391442032347678,1.0849152602993846,1.0
-2.1796247990102895,-9.203789767272028,1.0
0.1284333248756907,9.128269905805437,1.0
8.931161449807323,-5.395901047174173,1.0
-6.0896520810918755,7.28108416236464,1.0
-1.4506338526428615,7.573613416292416,1.0
6.3228378154869915,6.932664645693107,1.0
3.2562549860019723,9.030214464678975,1.0
10.911686559752509,-2.3567515047716148,1.0
-10.269382877894818,-2.067471097260404,1.0
-5.165092487202983,9.19313394601447,1.0
-1.6691984317687831,-12.843561074751221,1.0
9.359451472956886,-2.1348099730164485,1.0
10.791400052500926,-2.5759285250933894,1.0
9.838857440603341,2.9239982997586145,1.0
-8.374426784953876,3.3089841631419663,1.0
-8.763716858590632,6.065323344432687,1.0
-5.635864517647258,-7.509706401813794,1.0
-6.7948940035475855,6.617815209312858,1.0
4.437006040932367,-11.371599629020482,1.0
0.3550200227288319,11.091994489637186,1.0
5.959840042730076,-6.302355192387588,1.0
-3.573308731730382,-10.80968100752933,1.0
-7.1518362125072725,-6.686367860559031,1.0
6.097329504967745,-9.219679300626533,1.0
5.441441697624923,-7.354946891558103,1.0
10.405255566891928,0.42230401729167616,1.0
-11.605725600034711,0.684024917345046,1.0
-9.349145795585859,5.675955990823294,1.0
-8.778102870720465,-3.2665762590207783,1.0
10.294415029448968,-0.10113300397971313,1.0
-4.399901333442414,-8.23814700894459,1.0
-1.307920140575849,9.260153749295453,1.0
8.825821267436172,2.8683193897699746,1.0
0.5907864591766603,10.060886222316858,1.0
-9.005963198542755,-3.8704650081207497,1.0
7.184855691298509,-2.4863217883447626,1.0
0.21885111094380905,9.436364628926759,1.0
-9.222289623600718,6.331544022994242,1.0
6.323410443735508,-8.128731823520312,1.0
-3.6928253478936983,9.19082798869781,1.0
-8.890224653376636,-3.2817703460986953,1.0
8.227201185561823,-3.1319637127928512,1.0
-9.978994583594952,7.543524492801962,1.0
-6.209552126166251,8.705610615486895,1.0
8.054588300011622,3.570775529021806,1.0
0.7675145055481918,10.848728644867212,1.0
-3.501883625437805,-9.887221743470931,1.0
-2.1034589660592315,11.194977302531802,1.0
3.802704294286552,-10.030117202036637,1.0
1.436887968579189,-10.508780040991477,1.0
-6.784975167276313,5.846391104208997,1.0
-9.581050454590263,-5.634632418049716,1.0
-2.5331278581755274,-11.469377376606928,1.0
-11.683615542706955,-1.3126337686312752,1.0
11.597914901250807,0.03870401034035705,1.0
-10.608963017550932,-0.4728773859332663,1.0
-7.607148413570939,-5.306915082015086,1.0
3.272166657494662,-8.505494731112657,1.0
10.925050543641275,7.308998623038087,1.0
11.075337352056113,1.485921088321061,1.0
8.19882694328246,2.3128322666405605,1.0
2.1804481370568,-12.103817368478524,1.0
4.131116159832831,-11.177313000056218,1.0
7.317460426275059,-7.484632919316187,1.0
-8.906071684534298,6.6344697483640225,1.0
1.9468238712400556,-8.693676123148373,1.0
-2.3908862909121797,-10.104212332188446,1.0
-5.596513986595199,8.989411635685764,1.0
-4.1762205249543545,-11.129225472451289,1.0
9.159997198007039,-0.2593040006871021,1.0
6.387881883737038,-7.384876073676143,1.0
3.198608142041494,6.830610246933681,1.0
-1.9544684863607045,-8.292188855404136,1.0
-4.980364150675193,6.913334679150036,1.0
10.3877229731292,-0.6423503924715933,1.0
11.087274170052371,-3.7906614829901506,1.0
-10.06498079849903,3.6082418999047796,1.0
0.9862620547988113,10.226798626923596,1.0
1.2034218903036245,-9.80512761908516,1.0
-9.579628242148418,-1.1099971540299334,1.0
9.308357754165336,3.6112199594206764,1.0
5.6564675743729795,8.549880688005848,1.0
1.572365192174596,-10.647454527683587,1.0
10.530749956891478,1.4140322917308832,1.0
-9.016723336655993,4.03008915169732,1.0
-4.187960059209406,-8.16424330173472,1.0
5.591290911092506,-9.047869576896533,1.0
4.155771300573234,9.40409850101461,1.0
9.2146108007901,0.6202457383897514,1.0
-5.680126177639143,-8.709497762423078,1.0
-4.106757963539927,9.642010446427001,1.0
9.32109132991019,2.780388435556585,1.0
-7.183323965444475,7.534241656008831,1.0
0.9672936935544592,-10.53025528334214,1.0
7.954299393441338,2.727603998724664,1.0
1.3872513000870175,-10.7884400142306,1.0
-4.415152066412086,-9.155301630074264,1.0
7.428597114599758,-3.9062178320313974,1.0
-4.59629058750113,3.6277423670895383,1.0
-2.6826662269501815,10.400577334971608,1.0
4.692908395633963,8.405077966815123,1.0
-6.12042610341486,8.34737610361975,1.0
-8.027437871353754,4.920048873842582,1.0
3.4334930189748083,9.835454935386014,1.0
7.739457349809645,3.2071406174770085,1.0
0.37976730938276143,-9.967374345165721,1.0
-10.187982731085336,2.6149316980037627,1.0
6.770903480405519,6.558148648589952,1.0
6.463335900297631,7.153741604991913,1.0
5.280516407594537,-6.7474627042853434,1.0
4.078797100819514,9.984476172377256,1.0
-9.385471231262326,-3.3386339086346126,1.0
1.718659352365181,8.690947926951715,1.0
-0.09814563436165827,-8.905043405722846,1.0
0.2275056895929202,-9.861956637821883,1.0
4.62744907744073,-8.875582285911927,1.0
6.716887651938043,-7.9941582960577655,1.0
-0.5951351000446025,-9.91610899713587,1.0
-1.5449109766437896,-9.18709432303298,1.0
-2.877867272064268,-6.992951471246588,1.0
-5.535274673328427,6.593288623029214,1.0
11.993591062233818,-1.038367159233503,1.0
5.163353532907251,-5.83659773973678,1.0
8.696839630416003,-7.072982679289139,1.0
6.6588580025374515,7.649768371194806,1.0
-9.108173295264194,-6.592539699290898,1.0
3.529934595252747,-10.435930682899148,1.0
2.5566067686764473,-10.141942480833704,1.0
-6.928948474670724,-8.04995454816826,1.0
5.116433877584944,-6.143183981128798,1.0
-9.388076095470385,-0.9499743516485112,1.0
8.100099241710906,-7.418245105609941,1.0
9.304012627453389,5.052495383689929,1.0
11.809131172350181,-1.6885027753891138,1.0
0.9998414583130677,11.143694507176754,1.0
7.468704931846805,9.346146554039237,1.0
-4.7079982194847,-9.03457217419777,1.0
2.7494351933846217,9.252187910437,1.0
6.290911402087333,7.075155218032451,1.0
-9.35709845686553,-1.215266190583434,1.0
9.614795717029617,-4.685895758726387,1.0
-4.905157672413271,9.435192910515298,1.0
8.808141460999343,1.594872634412686,1.0
-8.89074719871185,-5.9427210928071075,1.0
-7.23121893358384,6.055865969708571,1.0
10.0107244224476,0.9575388155814251,1.0
4.744149364206132,7.2943186877539326,1.0
1.1620468605069363,8.08770451760714,1.0
-6.715969436895505,-8.247687104499722,1.0
-8.352313783960144,-3.6471554418772465,1.0
-8.334726631057016,-3.5313927042840483,1.0
-7.582259710461048,-2.858491223944825,1.0
-8.915194629519597,-5.146714246044374,1.0
-1.8252895918355592,9.190237204324111,1.0
-2.0450940033467346,-9.092422402639276,1.0
8.529620167689508,6.744838288488313,1.0
6.505327876999938,6.051856640384495,1.0
7.25434685463069,7.340021269723804,1.0
-0.401385454836482,-8.447264162546432,1.0
9.514711607177762,-2.153748991251929,1.0
-3.4319433296490494,9.25068845367428,1.0
3.0604351620767676,9.626264499640516,1.0
-5.561991260339395,8.256005408222075,1.0
10.590825593156746,3.16858111518065,1.0
-8.362503291275319,4.618648925037397,1.0
8.201877656962838,-5.310909061472676,1.0
-6.454013101894526,7.7222526445356205,1.0
7.630096765080586,-5.866103687474503,1.0
-3.223570758488535,-9.662792151087439,1.0
-8.940964835028167,5.131750202494699,1.0
-2.773001017426595,-8.02425399719749,1.0
-0.5261373656314565,-8.748792776887125,1.0
-0.5466902635459485,9.62808953549437,1.0
0.4524696403595109,8.571137680519888,1.0
-7.609462336253658,7.603332873542132,1.0
3.9873704782166337,8.139157205857497,1.0
6.744083626004957,-8.49671337664955,1.0
7.20553297430363,8.486901397752789,1.0
-2.91858830109763,-8.836025667503423,1.0
-10.494475385542106,6.7036162430184865,1.0
-9.121444675838424,-7.1057244916406646,1.0
-5.67566498220879,8.490570656506923,1.0
4.870358007524249,-7.810919849151865,1.0
-2.2698699405936402,-9.518629571793921,1.0
-4.2612530149601335,8.988926207229392,1.0
-4.52416219697768,-9.67197634085649,1.0
-7.229207018301603,-6.303753756808402,1.0
-5.110142221777586,-7.464238756855447,1.0
-9.455787345008236,7.5880228326932295,1.0
6.515327469078423,6.518376518225991,1.0
-6.471220950403321,-5.557514180702344,1.0
-11.555411858072095,-0.7500317572215172,1.0
-8.51116432513258,5.457497039726877,1.0
11.392824859207158,-4.137901008234779,1.0
-10.37822363477206,-1.2232592394700517,1.0
-8.988946061384743,5.238693107290667,1.0
-10.537199171869677,-3.1871872368900234,1.0
9.618908052454266,-4.901484247364157,1.0
10.050711380055413,-0.8742631181511079,1.0
8.64091248881006,-3.6870649333156886,1.0
-0.045842291927192004,10.81903352369416,1.0
-6.662761559160936,8.137217668161536,1.0
-5.358113556745588,9.069273107564873,1.0
-2.4698627427920643,10.359115812967646,1.0
5.471652410263719,9.306434132978598,1.0
7.508146437718929,6.551144024813437,1.0
8.13599684066522,-6.9689145647033826,1.0
-5.019864507095273,7.9827901521496125,1.0
-6.075775447557786,-7.057461688205314,1.0
-1.4493291626143825,-9.720346625884513,1.0
-1.5414021062264673,11.786271362185927,1.0
-6.052262407134003,-6.62987868033432,1.0
9.933304097722479,2.453033340598969,1.0
2.070262952552139,-9.246916300789849,1.0
-9.811441255418563,-1.8232070907790325,1.0
2.473019143373705,-11.116295177899557,1.0
-8.879158432747706,-1.1962679108358174,1.0
-3.9883108855187706,-7.57979776677373,1.0
9.179370172290398,-5.354316409750679,1.0
-9.512590828101136,4.399902662888711,1.0
4.058962735818827,-9.529152894547172,1.0
-6.299813773229007,-7.046675091154924,1.0
-9.057851895511247,-3.6268305760122055,1.0
-10.680825585551338,0.19274976234681596,1.0
-7.432121225228279,-4.608639648338554,1.0
6.448558807324266,8.393476675165477,1.0
4.800781445846429,7.500943306812467,1.0
-7.958093612196353,-2.4464604210141645,1.0
6.241425122240538,-7.6602122236006815,1.0
8.944283920636757,-3.3539955741759533,1.0
-8.146902757808665,5.934109781328307,1.0
9.108226718083131,0.8085991733879435,1.0
-9.218941060080894,1.4533903147614533,1.0
-8.75935364333128,6.401674835681283,1.0
-10.411775383685544,4.193597935268385,1.0
-6.358407531219181,8.287050504971662,1.0
-9.353823552231589,-6.144713967539462,1.0
-9.16377507463421,-2.370464108712319,1.0
3.515831336850539,-11.430001221191898,1.0
-8.473746079623302,2.9134559162714657,1.0
6.793061313764681,-8.128269452288585,1.0
9.608870478328337,-2.1976390750912573,1.0
8.785399749899177,-3.06468090903804,1.0
-1.6083747501304975,8.511105654260014,1.0
-8.683761890149063,-7.043185289782117,1.0
-4.9652738027484435,7.016926596870395,1.0
-7.848355125097051,-3.9536390488227364,1.0
0.680283466474255,-11.361996085486869,1.0
1.6806116233154589,-11.463699554546354,1.0
-2.0319581177221595,-10.468197096840628,1.0
-4.012729762439512,8.682305447245929,1.0
3.86620687018436,8.279649572778201,1.0
8.864767743482993,-4.2177847705355465,1.0
8.777955454136633,4.423270722943139,1.0
6.987713548472115,-8.59032014391846,1.0
1.6647774715157981,9.57509350283851,1.0
-9.237355810130946,5.090900858393632,1.0
7.2663721934046785,-5.589150130545807,1.0
3.9893628980928377,-11.106026683373546,1.0
-5.782192593964795,7.767849280269662,1.0
8.48891027758357,-4.964650019127337,1.0
-7.749657614674957,-5.8765759903935955,1.0
-10.215672741431138,-2.7587501445069984,1.0
4.549512716394966,-8.794503107495503,1.0
3.8559945542940386,8.658165908680504,1.0
3.7962088685752176,9.506081460748474,1.0
-6.599340632878455,8.095656550448746,1.0
-2.33940084044755,-8.35436635439789,1.0
4.0142912726768465,9.583329941329216,1.0
-8.292481126833414,-0.9141060657813066,1.0
-9.813808193503771,-1.0476964170949412,1.0
-4.008368153145538,-9.164736904820936,1.0
5.080514922529523,-7.7156297480749405,1.0
8.620048461177795,-2.4240506321667605,1.0
10.08666891721412,4.044111632577377,1.0
6.452086528209744,-6.9480151241269414,1.0
-0.19672282607919367,9.166134456225633,1.0
5.595736202972834,-9.07313764455431,1.0
10.12929720517675,-1.1275411521117775,1.0
-4.205453675664781,8.68037388485593,1.0
-10.248020404372081,-3.8582490039465784,1.0
10.119641676269957,-3.6968596407707883,1.0
-0.6024026803140161,-10.064237226118093,1.0
2.189615332358921,10.029578487472815,1.0
6.72141807182376,4.639863281340213,1.0
8.95426416171352,-0.6545132507531974,1.0
-10.994026944508434,1.4257296507148973,1.0
7.000299495244849,-5.270052513896386,1.0
2.814517013375911,10.887327339218452,1.0
-7.279553279862096,-6.719149850027443,1.0
-9.342384110242776,-4.642488240481147,1.0
-10.473125380017105,-2.0249850600486985,1.0
-6.0418542768162125,-5.1051603025555865,1.0
-7.7332442028447,-6.208027735679791,1.0
6.985383615026027,-7.1524055522583,1.0
5.171095216123088,-8.10394378519708,1.0
8.392157557208177,5.28934980463461,1.0
-2.4807800926008396,-10.050810181404756,1.0
-1.6918584584821323,-9.944748828637831,1.0
-9.48251223492481,-3.4999343376992433,1.0
-5.396777750798594,8.582274469120398,1.0
-0.07436556420915305,-10.178323493455869,1.0
11.676704888401485,-0.6777185724288419,1.0
7.918385126127516,4.684418068282179,1.0
7.20887491643727,-4.245116053959672,1.0
7.252214881324999,-5.293406248309137,1.0
9.150600865470167,3.251216475149994,1.0
-3.5554696251752462,-8.590556336565061,1.0
8.785288314710854,0.45626952724295794,1.0
-10.289276954183311,3.382752544993793,1.0
-9.189504939462854,1.1068103714559931,1.0
7.928281426785561,-5.235985112431726,1.0
-11.5286736408092,-1.4026837140345123,1.0
6.802097187373287,8.587409528824303,1.0
-5.496349989220197,8.907560978157868,1.0
-10.674905072323778,3.016555041160268,1.0
8.820585034419086,-9.448050218052035,1.0
-7.336105500466174,5.020341564343139,1.0
4.818317102172989,-7.443272802794915,1.0
-6.942144890342508,6.382037151344316,1.0
-7.150362532568104,4.880411113241252,1.0
10.015649094831184,3.7790436471296616,1.0
11.918219276017721,-3.5277651984780247,1.0
-5.527940109745258,-7.04382460763873,1.0
-9.432100368475355,0.5905103629274134,1.0
2.0912099955322043,-10.416328227967691,1.0
-10.178956514216598,-0.38394109511286695,1.0
8.299049421454264,-3.924133279485968,1.0
8.854551304691748,5.739846457226994,1.0
-7.988683800077129,5.505390803848043,1.0
-6.975133216077381,-6.832169796978618,1.0
5.468403951837337,8.191605273859858,1.0
8.035291255361598,4.620036818285955,1.0
-0.6406411189095184,-9.674956038047691,1.0
7.798832099051715,5.342334159825056,1.0
6.778209502573346,6.121448476313931,1.0
6.547727655034294,-8.663401403160773,1.0
-10.209627116649441,6.177924508262305,1.0
8.32836059563387,6.153629644432258,1.0
-3.7239551276387814,8.682214087083,1.0
6.29285958289447,-8.776733042736572,1.0
10.167299509503845,0.464426554418429,1.0
-5.258436474440508,9.987722213058921,1.0
7.581828328388147,5.895953848719528,1.0
4.411562984710616,9.503534068199397,1.0
4.177753715771921,9.378725245243356,1.0
-6.052048314281434,-9.55904911296185,1.0
3.865949055686698,10.661292607485777,1.0
7.374278133336357,6.907860173892001,1.0
8.885731792680154,1.2634115719428574,1.0
9.972191278690833,-3.422532637077661,1.0
-11.35519565237417,4.21524912665395,1.0
4.595062368283197,-7.595331483810337,1.0
-9.27172306829228,6.678144228844153,1.0
-4.144602587318828,-10.103480315935885,1.0
9.68383957161083,2.1215209566126725,1.0
-10.759635209322552,-4.858918313871506,1.0
-8.900222763419427,4.158432559397209,1.0
-8.21777691028306,1.400661706281287,1.0
9.536386835820684,-3.220419130467073,1.0
0.17388857615295764,-7.2889812267086045,1.0
3.1063481374742334,-9.32886979753049,1.0
5.10903416881847,-6.557854694344948,1.0
-1.3233569781731305,8.95496656531794,1.0
9.039269122990884,5.459294238383377,1.0
7.081169621389276,-5.86018011849125,1.0
-7.841355453855069,-5.0674665112355015,1.0
9.36558851054985,4.416786687480065,1.0
-2.719445588354834,-8.474392902527756,1.0
-0.561077103623404,-11.619394993823503,1.0
-7.865278189072695,-5.449416883355824,1.0
-9.205339877664914,-4.95284429682577,1.0
-7.084775984483103,-7.549052150789885,1.0
-2.7898763487181797,-9.81411402908809,1.0
-4.468297029760299,-8.7750257644456,1.0
-7.836223963815288,-6.243155015597343,1.0
-2.4683522275232908,-8.420055304803416,1.0
6.525586105352249,5.555784647985885,1.0
-8.604054274646227,-4.690021845330587,1.0
-7.960082765694244,-7.442287752480398,1.0
11.660425375379456,-2.2530385260949934,1.0
8.0556770417113,-3.529466242402883,1.0
1.06874473171165,-9.439168473412026,1.0
-8.749192774553329,0.871768926379903,1.0
10.251856690177101,0.7423094695379693,1.0
7.122811082386533,6.623069112971417,1.0
-8.852532390452012,1.0518641109903786,1.0
7.000075782267802,7.153758141874814,1.0
-5.370706660581881,9.220848620884937,1.0
-0.5067279311030004,10.16135698568876,1.0
-5.883927776452592,-6.643607007243438,1.0
-0.20653912444653447,-8.667315238209625,1.0
5.560908196385118,-7.884086316918214,1.0
9.165822280505157,-5.695105374286194,1.0
5.51904336012922,-6.241597154318414,1.0
-11.640987956064118,-1.6392729284171954,1.0
0.34533916935388054,10.885571463741567,1.0
9.49717162485963,3.3251147734914746,1.0
-5.773110142343019,-8.74674588121969,1.0
-9.39526812754515,0.04912691745733884,1.0
8.113450914883563,4.742649336071896,1.0
-5.657956407084512,8.797695483486068,1.0
1.5912726512620452,-10.928296560451306,1.0
-6.397356502155989,5.737709313514962,1.0
6.6222491671176,-6.800897212916719,1.0
2.6339775679364807,9.203340650384341,1.0
5.569123028517279,8.679679047307939,1.0
-8.930921734395787,-1.8193549078948132,1.0
3.417270094750198,9.125020931863117,1.0
-9.84874778420026,-2.2088082777370266,1.0
3.271378840181388,10.503548195816398,1.0
-5.1956084775438836,-9.655799393571646,1.0
-1.9489695302302623,-9.862624218587035,1.0
-7.970837156155412,7.115973749437621,1.0
-3.561374141222685,8.836497358001969,1.0
-4.2707578664537955,-8.97980566283225,1.0
6.3296068009420345,6.576812829969102,1.0
-1.030304902627545,-11.222849752711728,1.0
7.7493741956129485,-6.725083857025199,1.0
7.480170053654156,-5.400955944633319,1.0
2.905285122725337,10.586509951407951,1.0
-9.044677520213627,5.190649029604658,1.0
10.735903296240576,-7.110150922076462,1.0
9.647218718339262,-2.3101145223878645,1.0
-4.010085454807603,11.273999452014921,1.0
-8.385039012289358,6.596450236472456,1.0
8.623627385550073,-5.9365824321136005,1.0
10.331420897194905,3.6585554592979457,1.0
-8.59415444047807,7.496841712596675,1.0
-7.867042484025252,-7.649160273833596,1.0
2.588039966221055,-8.680335894934341,1.0
11.841157253253156,0.28290397776581777,1.0
-8.32704091383202,3.7604931274541324,1.0
8.603607186514177,6.0035699306058214,1.0
-0.09428718813803838,10.721055301844634,1.0
-9.528456686591168,0.9979736388144956,1.0
-8.535313747724313,1.0811591374537948,1.0
-0.6430848719316035,10.231668672455559,1.0
3.84112917748495,8.4959444302816,1.0
-3.521665330386024,9.138584429778586,1.0
-4.014234712458766,8.09829700863997,1.0
-6.124728988015919,-8.214769526109768,1.0
5.99797775825158,-7.01239105297329,1.0
-9.214439909706655,-2.5783624758591692,1.0
-3.0382923667013055,-11.851129320078833,1.0
6.120819743397586,-9.431044686936742,1.0
5.0597075408563725,-7.368730244217745,1.0
-8.875757396422099,4.844389666856602,1.0
-2.8303076307174906,9.025258873686143,1.0
-5.679094957021286,-7.6640854143254895,1.0
2.5118470333746763,-9.50622782755977,1.0
10.146972198133296,-3.4379184554306783,1.0
-4.017331168907963,9.751792518029118,1.0
-3.76345820636476,-9.40299110102605,1.0
-4.244187213528092,9.231124860033868,1.0
8.513314859602184,3.3032521962153973,1.0
-8.577106140563238,-7.397888129161914,1.0
9.735746833160581,-0.5499419861765471,1.0
-9.73956176655398,1.5345392835058254,1.0
-10.569008398027126,3.628246943541464,1.0
-8.16234710134651,-5.630739875001263,1.0
-6.357977248188622,7.1175929448415625,1.0
-6.563548539296164,9.30122162373508,1.0
10.163652797839584,-6.744350184450071,1.0
-3.0170085042144557,-11.559728431928392,1.0
5.511348712611823,10.967479868113802,1.0
4.0322976140081,-11.157514989149716,1.0
-3.009964137343295,9.234472059599494,1.0
9.281642326770012,1.89839340497815,1.0
2.9452806483401015,9.854044633065282,1.0
5.021492524429742,-9.3134364328446,1.0
3.25921214514028,-10.172199755701625,1.0
-1.6982003733934052,-9.753880460049892,1.0
-5.889338275207942,-8.111709005899048,1.0
4.927377200009888,-8.473794580543974,1.0
9.156741652708506,-0.45001564856297643,1.0
-0.23710091184103688,-11.46497503860116,1.0
-0.589533780592757,10.723065310244435,1.0
8.376986445008104,7.6769840168132415,1.0
-3.4855051408002993,7.680123863975087,1.0
-7.894379280902512,-5.00605694747324,1.0
7.551897932142791,5.592593636755903,1.0
